0.384301; 1.12399; -0.181354; 0.319989; 0.333899; 0.553825; -0.121445; 0.272866; -0.184965; -0.171637; -0.0011768; 0.0075617; 0.814723; 0.856774; 1.15795; 1.58362; -0.606189; 0.94965; 1.48625; -0.750788; -0.58635; -1.0437; -0.237236; 0.60013; 0.444; -0.759164; 1.3593e-006; 0.00656104; 1.00409e-018; 3.73544e-014; 1.72466e-026; 0.03125; 11141.5
0.914955; 0.327211; -0.0626686; 0.780703; -0.0236085; 1.33747; -0.351552; 0.04576; 0.0099671; -0.0148605; 0.0591307; 0.0879613; 0.788787; -0.9375; 0.795101; 1.45558; 0.127912; 0.86716; 1.73582; 1.76862; 0.703685; 0.289564; -0.890079; 0.634643; 0.096645; 0.426689; 0.000631494; 0.02328; -1.00333e-039; -1.21397e-039; 1.07827e-036; 0.03125; 2374.5
0.990421; -0.653291; 0.132465; 0.586581; 0.494464; -0.318171; 0.795451; 2.56015e-006; 1.0824e-005; 9.89163e-006; 6.20578e-005; 0.00015008; 0.768702; -0.707315; -0.585352; 0.598449; -0.366683; 0.738307; 0.484985; -1.14154; -0.18342; 0.703231; -0.37171; 1.16202; 0.43764; 1.1837; 0.000139884; -0.0132187; 0.0600713; 0.0717055; -0.000288292; 0.03125; 17978.5
1.26604; 0.442386; 0.164807; 0.460105; 0.589039; 0.182341; 1.02392; -0.0264435; -0.212546; -0.22967; -0.00193088; -0.15486; 0.746147; -0.115911; 1.44528; 2.39566; 1.12023; 1.55989; 0.963929; 0.469607; 2.36469; 1.26946; 0.157758; 1.19208; 0.522771; 1.03539; 0.00160084; 0.0161624; 0.00237436; 0.0065109; 2.06962e-005; 0.03125; 15485.5
0.581038; 0.578781; 0.0422967; 0.756169; 0.347102; 0.42549; 0.417583; 0.038939; 0.038381; 0.0332921; 0.0232645; 0.026987; 0.792717; 0.474161; 0.248434; 0.295297; 0.112298; 0.330056; 0.823872; 0.445964; 0.61549; 0.247378; 0.497455; 0.737205; 0.410502; 1.02427; 0.000113453; 0.0114229; 0.00126208; 0.000507086; 7.59954e-005; 0.03125; 52293.5
0.696347; -0.0671037; 0.186241; 0.267446; 0.334922; -0.135919; 0.0426925; 0.00854352; 0.018983; 0.0295292; -0.0217288; 0.0228667; 0.762324; -0.673121; -0.0510571; -1.05834; 0.640384; 0.978114; 1.36243; 0.0156764; 1.88466; -1.12125; 0.115965; -0.320297; 0.446077; -0.675462; -0.000495; 0.00450084; 1.17546e-016; 3.0889e-014; 2.19896e-017; 0.03125; 201
0.586879; 0.442884; 0.102742; 0.532872; 0.353722; 0.305599; 0.299823; 0.0164842; 0.0129997; 0.0129521; 0.000154675; 0.0117742; 0.784082; 0.113292; 0.0403289; 0.142175; 0.137046; 0.0689862; 0.108472; 0.106246; 0.18651; 0.076623; 0.135381; 0.759425; 0.419266; 0.583909; 0.00035924; 0.0164208; 0.00125307; 0.00118016; 0.000625764; 0.03125; 44321
-0.15424; 1.71224; 0.119296; 0.721821; 0.583342; 0.16427; 0.670199; -0.0270262; -0.255731; -0.249108; 0.106624; -0.26267; 0.727432; -0.460519; -0.125027; 0.135366; -0.658376; 0.707494; -0.205661; 0.527295; 0.793966; 2.47892; 1.0073; 0.830362; 0.54612; -0.0057438; 0.00183023; 0.0295296; 4.31221e-011; 5.9027e-011; 4.41373e-012; 0.03125; 4627
1.01081; 0.332437; 0.00378776; 0.314562; 0.170765; 1.19657; -0.123147; 0.0670184; 0.0512983; 0.0791034; 0.205155; 0.4701; 0.800174; -0.238103; 0.780303; 1.0621; 1.51172; -0.853842; 0.417623; 2.23601; -0.362655; 1.16537; 0.943358; 0.807235; 0.292622; 0.10274; -0.000632186; 0.0238657; -0.0143072; -0.0101802; -0.00053243; 0.03125; 23427
1.22485; 0.0901097; 0.0679615; 0.951544; 0.438202; 0.0909358; 1.18737; 0.0277761; 0.171823; -0.00497461; -0.0362396; 0.138135; 0.819636; 0.236226; 1.12226; 0.854502; 0.623677; 0.991434; 1.0786; 0.929957; 1.01424; 1.07513; 0.679798; 0.413882; 0.123574; 0.710143; -0.00175605; 0.011529; -0.00387504; -0.00145019; 0.00174585; 0.03125; 31078
0.617166; 2.3438; 0.118839; 0.262596; 0.453954; 0.876828; 0.435133; 0.0526415; 0.24073; -0.235042; -0.000311512; -0.134231; 0.844745; -0.710935; 1.32509e-006; -0.449956; -1.19754; -0.25278; 1.14103; 0.340457; -0.709286; 0.397638; -0.152485; 0.938374; 0.644849; 0.116726; 0.00188207; -0.00568322; 0.0138; 0.0202203; -0.000696673; 0.03125; 4389
0.46163; 0.996788; -0.0918828; 0.374952; 0.151033; -0.0671424; -0.0467782; 0.1444; -0.0586904; 0.487725; -0.161269; -0.0249756; 0.899712; 1.00367; 2.5865; 0.894516; 2.25139; 0.153287; 1.44129; 0.00706802; 1.86088; 1.52297; 0.0605323; 0.688859; 0.444314; -0.351251; 9.9573e-009; 0.000402689; -0.00392956; -0.00540314; -0.000491195; 0.03125; 46.5
0.259524; 0.320357; 0.112309; 1.02; 0.298592; 0.00274883; 0.741994; 0.0479499; 0.125576; -0.0709717; 0.456563; 0.169836; 0.821142; 1.02951; 0.262843; 0.869302; 1.95305; 1.49645; 0.75642; 2.86706; -0.462342; 0.109739; 0.376046; 0.895495; 0.441579; 1.1987; 0.00050566; -0.00224075; 6.59012e-022; 5.79559e-017; 1.32208e-024; 0.03125; 348.5
0.338659; -0.390009; 0.0254411; 0.773413; 0.359168; 0.760656; 0.229792; -0.0185014; -0.212894; 0.0450826; -0.0291051; 0.0550305; 0.699196; 0.948747; 1.0146; 0.838176; -0.867107; -0.957436; 0.571349; -1.16043; 1.95415; -1.61348; 1.83531; 1.25847; 0.580532; 0.738881; 0.00113309; 0.0286823; 9.56266e-032; 2.19867e-008; 2.26351e-031; 0.03125; 125
-0.165894; 1.43184; 0.133541; 1.51996; 0.686441; 0.0165859; 1.1462; 0.150428; -0.113754; 0.177171; -0.174575; 0.34864; 0.897064; 1.26793e-008; 1.1658; 1.39274; -0.162876; 0.318004; 1.40552e-031; 4.00222e-032; 1.68456e-032; 0.439281; 0.528186; -0.672215; -0.2061; -0.00445185; 0.00145389; 0.00726947; 0.0248155; 0.0154609; 0.00108221; 0.03125; 9566.5
0.776264; 0.166135; 0.106612; 1.37539; 0.50507; -0.22647; 0.841453; 0.00153942; 0.00738831; -0.00136024; -0.00213358; 0.0208443; 0.805975; 0.0519928; 1.34081; -1.70235; 0.727562; 0.147657; 3.05371e-006; 4.46351e-006; -0.404998; -0.648366; -0.365039; 1.0138; 0.882461; 1.58481; -0.000404999; -0.00671275; 0.0323149; 0.0258074; -0.000334316; 0.03125; 5899.5
1.19554; 0.378113; 0.122124; 0.75829; 0.811502; -0.335104; 1.63413; 0.187819; -0.141474; -0.0182438; -0.0666174; -0.0740344; 0.733877; 2.68361; 1.46194; 0.671108; 0.971352; 1.08564; 0.693436; 0.927205; -0.0480259; 0.226042; -0.5567; 0.439293; 0.706256; 1.83803; -0.000251451; 0.0464678; -0.00380231; -0.00352278; 0.000205615; 0.03125; 1633.5
0.535678; 0.465542; 0.086585; 0.490092; 0.299997; 0.341871; -0.001; 4.18987e-023; 1.53014e-023; 9.4228e-023; 4.58642e-023; 8.82497e-023; 7.60494e-014; 1.6384e-046; 1.44238e-047; 1.53372e-046; 5.20127e-023; 5.68556e-023; -4.30886e-023; -4.32636e-023; 2.96794e-046; 1.42752e-046; 5.20127e-023; 4.21332e-022; 3.74142e-022; 6.7413e-022; 3.31705e-049; 1.78495e-047; 5.76765e-049; 5.21064e-049; 2.20304e-048; 0.03125; 39949.5
0.499997; 1.36852; -0.399006; -0.145732; 0.308934; 0.242031; 0.291036; -0.000455352; 0.243359; 0.0441237; -0.0543015; -0.0947173; 0.855765; -0.196393; 0.542904; 0.398492; 1.24309; 0.363276; 1.70642; -1.06852; 1.31008; 0.408868; 1.34175; -1.14292; 0.444; 1.16758; 1.41494e-039; -0.0129042; 3.37572e-114; 1.17941e-041; 2.2341e-115; 0.03125; 699
0.618037; 0.456207; 0.0958016; 0.532233; 0.342398; 0.394861; 0.302485; 0.0391763; 0.0373439; 0.0184289; 0.0237791; -0.00297773; 0.80209; 0.0423627; 0.172062; 0.0715975; 0.0828832; 0.0666425; 0.0775801; 0.0678413; 0.0526566; 0.0919276; 0.0564996; 0.0604793; 0.0771617; 0.0966346; 0.000113008; 0.000785229; 0.00259571; 0.00225714; 2.57003e-005; 0.03125; 29454
0.638164; 0.901351; -0.0169922; 0.529027; 0.256975; 0.141971; 0.500602; -0.0413137; 0.0353003; -0.0487452; 0.00565921; 0.0346066; 0.855371; -0.48706; 1.37765; 1.54761; 0.836602; -1.58842; -0.461662; 1.32984; 1.63216; 1.65059; 0.431848; 0.82989; 0.46265; 0.832346; -0.00112009; -0.00742088; -0.0139892; -0.0155718; -4.22603e-005; 0.03125; 7488.5
0.779219; 0.125573; 0.208097; 0.713973; 0.468229; -0.744112; 1.48381; 0.1503; 0.0452593; -0.139118; -0.0561276; -0.00682702; 0.804979; -0.572959; 1.65564; 1.7058; 0.207337; 2.42992; 1.01055; -0.047239; 1.52095; 0.215789; 1.49263; 0.843985; 0.600017; 1.20341; 0.000358355; 0.00350774; -0.0046591; 0.00374924; 0.00011265; 0.03125; 8143.5
0.267666; 1.26449; 0.180431; 0.667401; 0.50006; -0.49863; 0.76122; -0.0262682; 0.0117936; 0.0403296; -0.284277; -0.180755; 0.745094; 0.0894189; 0.0421917; 0.76957; 1.35075; 1.56399; 0.468868; -1.04124; -0.0499379; 1.49136; -0.0561154; 1.21498; 0.512195; 1.40502; -0.000825635; 0.00112857; 0.0371859; 0.0370968; 0.00197677; 0.03125; 11571
0.695217; 0.539221; 0.0539827; 0.734296; 0.402064; 0.252286; 0.544851; 0.0233797; 0.00322112; 0.01266; 0.00226543; 0.0201961; 0.784255; 0.0736377; 0.611621; 0.421611; 0.124514; 0.249694; 0.153199; 0.393052; 0.0726493; -0.0164747; 0.054574; 0.864886; 0.381937; 0.847512; 0.000436512; 0.0142684; 0.00157824; 0.00188321; 0.000224355; 0.03125; 103148
1.03776; 2.18696; 0.0199258; 0.53929; 0.308404; 0.640894; -0.198476; -6.49523e-017; 7.53301e-018; 1.2384e-016; 5.03677e-016; 6.41483e-016; 0.772728; 0.351035; 0.692002; -0.641286; 0.182845; 0.418443; -0.0832352; 0.405913; -1.72698; 1.21355; 0.206422; 0.736756; 0.49617; 0.347044; 0.00099672; 0.0158992; 1.84654e-005; -0.00758001; 1.18014e-014; 0.03125; 1585
-0.209037; -0.37751; -0.0423219; 0.67151; 0.179455; 1.03208; 0.291576; 0.0327633; 0.324003; 0.0680587; -0.0211949; -0.0803095; 0.850256; -0.992449; 0.47597; -0.628138; 1.75677; 0.470167; 1.45766; -0.373444; 1.53644; 1.26606; -0.272543; 0.967384; 0.495337; 0.252868; 0.000804033; 0.0086701; 3.4351e-016; -1.60115e-014; 5.26622e-018; 0.03125; 2412.5
0.582843; 0.00886943; 0.183379; 0.01519; 0.258432; -0.078731; -0.0300638; 0.000130987; -0.000187549; 0.00259803; 0.000610809; 0.0345226; 0.797962; 0.151906; 0.296526; 0.243058; -0.194786; 1.1879; -0.71885; -0.742059; -1.01964; -0.472403; 0.847985; 0.874077; 0.443996; -1.4341; 6.79484e-008; -0.000148509; 1.52085e-027; 1.75235e-027; 1.36328e-034; 0.03125; 14.5
0.646921; 0.63606; 0.00709765; 0.532123; 0.311745; 0.546643; 0.258061; 0.0323681; 0.0301125; 0.0217959; 0.0264615; 0.0513593; 0.788205; 0.224833; 0.792882; 0.600497; 0.733886; 0.554201; 0.592684; 0.211428; 0.286107; 0.456237; 0.820969; 0.615887; 0.423628; 0.861613; 6.23513e-005; 0.00566542; 0.0025771; 0.00218832; 6.71878e-005; 0.03125; 41518.5
0.905702; -0.685825; 0.131301; -0.0998533; 0.176357; 1.00806; 0.121135; 0.000269416; 0.00632368; 0.00911257; 0.0212075; 0.00347289; 0.757963; -0.0957624; 1.24927; -0.977961; 1.28003; 1.52885; 0.680494; 0.869477; 0.125859; -0.786341; -0.753477; 0.826335; 0.287243; 0.373335; 0.00127282; -0.00819; 0.0203926; 0.0139019; -0.000453871; 0.03125; 14367
0.446618; 2.11786; -0.250514; 0.421681; 0.307917; 1.57776; -0.206086; -0.00719106; 0.365624; 0.447537; -0.0993947; -0.0573015; 0.851504; 0.0365333; 0.359929; -0.282863; -0.367011; -0.358314; 0.21156; -0.407901; 1.24743; -0.551113; -0.665993; 0.815215; 0.444; 0.350504; 2.44087e-007; -0.00760773; 1.5545e-034; 3.64533e-012; 2.46613e-038; 0.03125; 15395.5
0.471181; 0.662781; -0.0340628; 0.454933; 0.273167; 0.598368; -0.225032; 0.144258; 0.013602; -0.0346224; -0.0586755; 0.00890938; 0.793375; 0.948039; 2.13919; 2.38516; 0.934809; 2.11774; 1.15137; 0.296683; -0.687435; 0.29061; -0.094897; 0.82596; 0.43048; 1.01117; -0.000175865; -0.0035001; -0.00688257; -0.00549618; 0.00109178; 0.03125; 4923.5
0.594559; 0.506394; 0.068419; 0.380119; 0.344259; 0.472598; 0.0453106; 0.0062209; 0.00561951; -0.000781968; 0.00548691; 0.0133841; 0.735342; 0.0100988; 0.0123461; 0.0138499; 0.0244297; 0.0193217; 0.0213993; 0.0083803; 0.0106029; 0.0156029; 0.0290251; 0.172685; 0.239146; 0.143354; 0.000113523; 0.00662394; 0.000395729; 0.000344112; 8.18665e-006; 0.03125; 22414
0.011274; -0.580453; -0.0793009; -0.209165; 0.246224; -0.600959; 0.0324657; 0.00338225; 0.00162346; -0.00812853; 0.0248485; 0.00402656; 0.693721; -0.647503; 0.599147; -0.128961; -0.415528; 1.61575; -0.508329; 0.144882; -1.09427; 1.05545; 0.666335; 1.0799; 0.444; 0.567721; -0.000570441; -0.00852103; -0.0131806; 0.0304881; -0.00126743; 0.09375; 10332.5
1.07216; 0.280175; 0.15959; 0.215878; 0.254028; 0.0726362; 0.911664; 0.0338471; 0.0778701; 0.0579826; -0.0121257; 0.0796515; 0.828339; 0.403802; 0.09725; -0.773262; -0.849022; 1.33357; 0.407875; -0.536812; 0.436739; 1.07254; 1.21699; 0.782728; 0.595379; 1.30499; -0.00200219; 0.0126335; -0.00400385; 0.00931085; 0.000455293; 0.09375; 13188.5
0.508214; 0.236655; -0.0111064; -0.3952; 0.185257; 0.265742; -0.321233; -0.0254235; 0.0696954; -0.0320337; -0.00427239; 0.000111851; 0.766154; 0.231142; -0.73717; -0.993803; -0.737665; 1.03344; -0.357685; 1.03688; 2.32345; 0.00282332; 1.15963; 0.850619; 0.500823; 0.224069; -0.000675385; -0.01492; 6.65687e-013; 1.03717e-012; 4.47729e-014; 0.09375; 1517
0.48848; 1.64623; -0.157651; -0.0407464; 0.0328977; 0.225616; 0.405541; 0.0234111; -0.0740989; -0.128683; -0.462879; -0.209523; 0.799065; 0.753913; -0.61514; -0.66732; 0.818914; 0.611448; 0.129993; 0.185176; 0.183721; 1.11088; 1.11388; 0.757298; 0.215795; 0.0140192; -0.000899364; -0.0352102; 0.0365214; 0.0321619; -0.00457382; 0.09375; 24431.5
-0.272242; 0.5819; -0.0802883; 0.384566; 0.389796; 0.405386; 0.370907; -0.105925; -0.00311497; -0.0225423; -0.0435995; 0.210971; 0.796517; 1.3994; -0.131236; -0.636396; 1.20931; -0.696526; 0.995282; 0.914988; 1.47332; 0.302638; 0.0151217; 1.01006; 0.580312; 1.85168; 0.000511337; 0.00456328; 0.00909907; 0.00248771; 0.000472251; 0.09375; 5245.5
0.818772; 1.00206; 0.152013; 0.348364; 0.436942; 0.39106; -0.217253; 0.0577725; 0.0651787; 0.167573; 0.0421708; 0.128953; 0.751709; 0.352098; 1.29514; 1.00597; 2.33427; 1.26806; 2.34559; 2.03184; -0.322129; 1.95341; -1.29498; 1.08781; 0.180968; 0.753392; -0.000656911; 0.0500568; 0.00696282; 0.0307027; 0.00192637; 0.09375; 187
0.17924; 1.77117; 0.515028; -0.135653; 0.394022; 0.559702; 0.123105; -0.00206702; 0.490547; 0.718141; 0.29477; 0.113672; 0.782092; 1.44758; 0.696932; -0.13939; -0.100628; 0.056256; 1.11528; -0.664533; 1.24563; 0.00283058; -0.898133; 0.886766; 0.443785; -0.599277; 0.0048884; 0.0694152; 3.84479e-012; 3.93368e-009; 3.90899e-013; 0.09375; 95.5
0.469881; -0.0842772; -0.365455; 0.148404; 0.710391; 0.579783; 0.215068; -0.162049; -0.0249906; 0.0895961; -0.0623746; -0.482153; 0.723282; 0.392454; -0.858308; 0.664578; 0.492446; 0.456264; 0.255607; -0.445884; -0.312039; 0.647361; 1.64987; 0.805851; 0.365861; 0.283804; 0.000802426; -0.004584; 0.0415421; 0.0384151; 0.000257031; 0.09375; 31400.5
0.821486; 0.138847; -0.397537; 0.489848; 0.305434; -0.525633; 0.202305; -0.0478926; -0.0401508; -0.00353555; 0.11175; -0.0419616; 0.802334; 0.457604; -0.401099; 0.317675; 1.19603; 1.41624; 0.560631; -0.581727; 0.386444; 0.703711; 0.540275; 1.19894; 0.584196; 0.225466; -0.0011623; -0.00909853; 0.04182; 0.0558106; 0.00101838; 0.09375; 3411
0.630732; 0.561236; -0.215849; 0.207466; 0.30535; 0.449545; 0.321063; -0.210871; -0.0440361; -0.133862; -0.265494; 0.286519; 0.801365; 0.302174; 0.817633; 0.428882; 0.790878; 0.620955; 0.595743; 0.198495; 0.431101; 0.475504; 0.82142; 1.0087; 0.335239; 0.783168; -0.00146958; 0.0152022; 0.0572475; 0.0346472; 0.00798214; 0.09375; 12722.5
0.0497433; -1.08642; 0.170972; 0.347866; 0.374375; 0.0903932; 0.54314; -1.32595; 0.958895; -0.780844; -0.219574; -0.008125; 1.03112; 0.475522; 0.99987; 0.341183; 1.17413e-006; 0.474706; 0.553183; 1.27543; 1.43132; 8.09218e-012; 1.64077; 0.687629; 0.555; 0.38598; -0.00111652; 0.0123202; 9.5403e-024; 3.90079e-023; 6.14298e-023; 0.09375; 79
0.2768; 2.71776; 0.282963; 0.607516; 0.435138; -0.0544307; -0.0432667; -0.0373174; 0.012664; -0.100353; -0.0596231; -0.0690923; 0.708631; -0.497544; 0.00431921; -0.704204; -0.10471; -0.191288; -0.0766452; 1.38053; -0.400794; 0.440172; 0.177243; 0.64731; 0.355802; 0.241211; -0.00115336; 0.0303971; 4.98497e-015; 4.1882e-012; 1.06347e-016; 0.09375; 94.5
0.304834; -0.538801; 0.189451; -0.0598645; 0.286804; 0.642457; 0.856209; 0.0515867; 0.000355407; -0.0126374; -5.89595e-006; 0.0713512; 0.793658; -0.757238; 0.88637; -0.0165614; 1.57317; -1.47016; 1.61309; 0.411318; 1.69284; -0.0207329; 1.58284; 0.640798; 0.49317; 0.884416; 0.000788603; 0.0151298; 0.00257213; 0.000380395; 5.94621e-005; 0.09375; 595.5
0.0496838; 1.81916; -0.0230755; 0.419601; 0.432969; 0.825756; 0.490719; 0.00298003; 0.031611; 0.0340998; -0.0147346; -0.0321348; 0.78485; 0.509842; 0.0843141; -0.0752536; -1.33844; -0.929172; 0.861521; 1.15922; 0.530628; -0.320974; -0.550414; 0.985412; 0.443999; 1.38437; 0.00111943; 0.0208444; 2.59409e-008; 3.69439e-008; 1.11392e-009; 0.09375; 43
0.0986843; 0.711266; -0.00383168; 1.06652; 0.374724; 0.252842; 0.00616529; -0.00122497; -0.111622; 0.00939722; 0.0529039; 0.161127; 0.740636; 1.39775; 0.840574; -1.13299; 1.96408; 0.354364; 1.14846; 1.86304; 1.40075; 0.640326; 0.645697; 1.14902; 0.432501; 0.501356; -0.000209852; 0.00918225; 0.0032775; -0.0108788; -6.88471e-005; 0.09375; 42
0.684619; 0.771047; -0.120774; 0.306591; 0.330841; -0.086268; 0.0349467; -0.000265141; 0.150593; 0.0377165; -0.00647755; 0.291183; 0.667439; 0.538536; 0.184604; 0.119048; 0.0668208; 0.253279; 1.12264; 0.441708; 0.714764; -0.0392845; 0.573861; 0.558429; 0.0091122; 0.904595; 0.00204723; 0.0627072; -0.0221093; -0.03435; -0.0107425; 0.09375; 24912.5
0.86411; -0.151415; 0.19744; 1.24945; 0.599738; 0.258282; 1.18907; 2.21583e-005; 0.00302837; 5.83607e-006; 0.190001; -0.0166734; 0.752689; -0.448756; 1.87439; 1.21143; -0.391046; -0.555809; 2.09246; 0.877368; -1.35715; 0.00269524; -1.53634e-005; 0.842508; 0.139674; 1.17516; -9.43444e-005; 0.0545745; -0.0286655; -0.0257388; -0.0013064; 0.09375; 243
1.10783; 1.00234; -0.60416; 0.0743133; 0.332598; 0.728386; -0.152324; -0.163459; -0.039466; -0.208349; -0.0108404; -0.01442; 0.59221; 0.0807991; 1.37753; -1.00732; 0.347571; 0.202897; -0.651731; 0.533075; 1.76933; 1.25789; 0.526513; 1.50521; 0.583942; -0.207455; 0.000611213; -0.0121667; 0.0964444; 0.107908; 0.00343787; 0.09375; 5890
0.0357229; 1.55262; -0.00710997; -0.161458; 0.407011; 0.778409; -0.664021; -0.0213571; 0.138437; -0.116925; -0.0333916; -0.487818; 0.752476; -0.0195635; -0.790203; 0.657488; -0.0694289; 0.311814; 3.40377e-076; 0.0880954; -0.588907; 1.31701; 0.538972; -0.278676; 0.216137; 0.160753; 0.00200306; -0.00292244; 0.0722493; 0.094832; 0.00034552; 0.09375; 9264
0.726877; 2.03437; -0.0339536; -0.054872; 0.0849809; 0.957843; -0.337419; 0.00330803; 0.00698845; 0.000790808; -0.00153359; 0.00203347; 0.791614; 0.296484; 0.405121; -0.968497; 1.57782; 0.192406; 3.43178e-251; 1.01592e-251; 3.85284e-251; 0.811525; 0.486754; -0.0312383; 0.303057; -0.654091; 1.92232e-240; -0.00777282; 0.00784371; 0.0170067; -0.00013989; 0.09375; 1391.5
-0.229816; 1.86917; 0.182079; 1.53394; 0.684451; -0.0322958; 0.566856; 0.000201198; 7.26434e-005; 0.00243776; 8.27929e-007; 2.24357e-006; 0.801046; -0.663299; 0.188883; 1.26744; -0.608058; 0.203463; -0.409503; 0.956826; -0.685142; 0.490417; 1.16564; 1.34429; 0.443918; 2.11623; 0.000996889; 0.0148456; 1.18904e-017; 9.09159e-017; 1.83882e-023; 0.09375; 1914.5
1.10223; 0.150273; 0.0410507; 1.09748; 0.522707; 0.36378; 1.06705; 0.0265133; -0.0257623; -0.0812422; -0.0954069; -0.249019; 0.773276; -0.126366; -0.352143; 1.4018; -0.174797; 0.969857; 0.198168; 1.31442; 1.22813; 1.14466; 0.731522; 0.649707; 0.11385; 0.704106; -0.000352743; 0.0208322; 0.00467963; 0.00174283; 0.0011196; 0.09375; 4055
1.16335; 0.385275; -0.479376; 0.76468; 0.0682158; 1.87973; -0.814264; 0.0149626; 0.00928279; -0.0196777; 0.0576124; 0.0244419; 0.781854; -0.574871; -0.474891; 0.00281765; 0.282939; 0.0316433; -1.14272; 0.774331; -1.03316; -0.000172322; 0.00122091; 0.687561; 0.247785; 0.0491464; -0.00129415; -0.0221046; 0.0156887; 0.0341201; -0.000485961; 0.09375; 191
0.60187; 0.73919; 0.143526; 0.648133; 0.0918061; 0.773603; 0.352829; -0.0696378; 0.074088; 0.102908; 0.100089; 1.39482e-005; 0.831583; -1.11845; 0.299102; 0.60587; -1.09651; 0.0537655; -0.13782; -0.245656; 2.38545; -0.296504; 0.230316; 0.839599; 0.443994; 0.357628; -0.000910168; -0.00955023; 0.02001; 0.027448; 0.000683234; 0.09375; 42
0.559881; 0.435606; 0.0773816; 0.412015; 0.373895; 0.37844; 0.181846; 0.00252709; 0.0132399; 0.00385589; 0.0106327; 0.0167859; 0.777416; 0.0806705; 0.0316248; 0.042846; 0.054174; 0.214819; 0.12318; 0.122552; 0.0961812; 0.2022; 0.130074; 0.770447; 0.37884; 0.541915; 0.00041932; 0.0153852; 0.000563132; 0.00102469; 4.32776e-006; 0.09375; 22960.5
0.0606381; 1.27757; 0.166765; 0.509492; 0.622527; 0.315527; 0.135745; -0.00943741; -0.129056; 0.0518273; 0.0183003; -0.039414; 0.728029; 0.343701; 0.0169515; 0.414166; -0.858888; -1.3091; 2.30598; -0.688208; 0.190601; 0.000633221; 1.62854; 0.797416; 0.444; 0.87113; 0.00142646; 0.0281293; 1.16417e-011; 2.1257e-010; 9.00809e-013; 0.09375; 2099.5
1.13703; 0.437619; 0.0257993; 0.396236; 0.123143; 0.234169; 0.670828; -0.00350553; -0.0646731; -0.0308629; -0.0431674; -0.0237681; 0.753747; 0.105618; 1.18998; -0.621742; -0.0904549; 1.41695; -0.343498; 1.26753; 1.26053; 0.671264; 0.427463; 0.97429; 0.47162; 0.54558; 0.000677743; -0.00556949; 0.0408199; 0.0414296; -0.00253745; 0.09375; 443
-0.0651053; -0.349725; -0.112831; 1.05956; 0.474988; 0.549027; 0.161494; -0.00049651; -0.0672625; -0.00326301; -0.00331775; 0.476894; 0.772177; -0.297079; 1.50958; 0.407338; -0.153695; 0.315842; 0.905112; 0.932588; -1.407; -0.61369; 0.56248; 1.20074; 0.444061; 0.683711; 0.00167955; 0.0255759; 0.00150607; 0.00100246; 0.000224337; 0.09375; 2806.5
0.57346; 0.430254; 0.123805; 0.364382; 0.331987; 0.287672; 0.107962; -0.00473474; -0.00142009; 0.0080974; 0.00197521; -0.00609343; 0.570615; 1.6627e-016; 0.0244655; 0.0271279; 0.0260944; 0.000280354; 6.68456e-014; -6.31204e-014; 9.20464e-005; 3.89299e-008; 0.0238511; 0.0128673; 0.0115231; 0.0205466; 1.80196e-005; 9.24452e-005; 0.000414452; 0.000360393; 1.74694e-007; 0.09375; 12178.5
0.55963; 0.625113; 0.804104; 0.904055; 0.230331; -0.659849; 0.00899797; 0.0047597; 0.0336; -0.0235681; 0.135597; -0.574035; 0.807; -0.675218; 0.278383; 0.330088; 0.0937142; 1.36319; 0.721403; 0.404942; 0.0267251; -0.832803; -1.77413; 1.1428; 0.622146; 0.604377; 0.000137517; 0.0139871; 0.00100236; 0.00112482; 0.00017781; 0.15625; 16.5
0.909758; 1.61379; 0.147075; 1.1401; 0.355551; -0.147587; 0.967248; 0.00658722; 0.003591; 0.00274216; -0.00802223; -0.00283419; 0.813167; -0.94928; -0.284509; 1.3989; 1.55634; -0.930222; 4.33367e-034; -2.81598e-034; 6.20887e-034; 1.09739; 2.28708; 1.05077; 0.741801; 1.51624; -0.000420875; 0.0108708; 0.0280023; 0.0229093; 0.00229482; 0.15625; 1415
0.0317645; 0.062687; 0.113736; -0.501062; 0.224677; 0.0535047; -0.264654; 0.112993; 0.0039391; -0.0668913; 0.116124; 0.0405373; 0.830134; -0.351411; 0.922437; -0.23205; 0.185915; 0.939523; -0.398646; 0.566325; 0.273188; -0.322695; -0.215114; 0.849312; 0.491221; 1.2362; 0.000690807; 0.00773572; 0.00166588; 0.000387661; 0.000242327; 0.15625; 295
1.86081; 0.780995; 0.00485708; 0.2348; -0.483221; 1.11841; -0.586113; -0.110082; 0.358653; 0.386431; 0.211841; -0.0630657; 1.16517; 1.09839; -0.751587; 0.859988; 1.07748; -0.343146; 1.25732; 0.714226; 1.35074; 1.01458; 1.11512; 0.985671; 0.448465; 0.66458; -0.000422646; -0.0213426; -0.000735498; -0.0057374; -0.000724436; 0.15625; 13.5
1.2755; 0.717625; 0.161262; 0.659074; 0.307045; 0.403969; 0.328351; 0.00632477; -0.0231986; 0.0347833; 0.0308907; 0.00760719; 0.781633; -0.659354; -1.56468; 0.922523; 1.5591; 0.812803; 1.02179; -0.183428; 0.128721; -0.604476; 0.967999; 0.83958; 0.480575; 0.540122; 0.000469701; -0.038167; 0.0229933; 0.0259128; 0.00196058; 0.15625; 3963
0.0280705; 0.226303; -0.0342236; 0.0317569; 0.269335; -0.0769665; -0.14464; -0.126416; -0.0613291; 0.0847902; 0.163641; 0.0386168; 0.715662; -1.19823; -0.0622386; 0.700952; -0.0134781; 0.827265; 1.98384; 0.0694363; -0.675453; -0.569746; -0.127183; 0.919898; 0.58369; 1.9794; -0.00230593; 0.0120837; 0.00177712; 0.00548151; 9.04516e-006; 0.15625; 437.5
0.467284; 0.719957; 0.473136; 0.0354574; 0.386319; -0.657742; -0.0781043; -0.0940057; -0.0418905; 0.129205; 0.00148825; -0.0675965; 0.749549; 0.422587; -0.321568; 0.473972; -0.00526307; 1.08725; 0.304193; 0.500613; -0.637898; 0.121518; 0.488679; 0.79636; 0.502931; 0.0365089; 0.00121528; 0.0170999; 0.0174237; 0.0160673; 0.00092741; 0.15625; 2389.5
-0.01877; 0.406694; 0.251867; -0.120541; 0.447191; -1.22626; -0.0595483; -0.116456; -0.232428; 0.0905597; -0.0420903; 0.133367; 0.863199; 0.412158; 0.275572; -0.0768514; -0.235406; 1.48527; 0.56304; 0.881956; -0.271064; 0.0309919; 0.16788; 1.29909; 0.533248; -0.329884; -0.00142665; -0.0217128; 0.0564182; 0.016333; 0.00681442; 0.15625; 2660
0.637655; 0.848459; -0.309022; 1.03193; 0.0879137; 1.50134; 1.00933; 0.0420278; 0.0150067; -0.0367059; 7.78689e-005; -0.022638; 0.873685; 0.00076438; 3.8215e-005; 0.206112; -1.52484; -0.00109397; 1.29431; -0.539603; 1.574; 0.0191649; 0.257235; 1.3035; 0.489511; 1.28009; -0.000405294; -0.00719458; -0.00335098; -0.0142596; -0.000821918; 0.15625; 37.5
0.479256; 0.362783; 0.0697732; 0.583293; 0.601147; -0.813525; 1.08569; 0.0456025; -0.030602; 0.354511; 0.00200094; 0.0545558; 0.853111; -0.909632; 1.28395; -0.672123; 1.72447; 0.30139; -0.3406; 6.9511e-039; -1.19835; -0.068138; 0.914582; 0.923207; 0.64385; 0.625098; -0.000691853; 0.007285; 0.0162459; 0.0699972; 0.00200202; 0.15625; 336
0.541688; 0.430542; 0.163998; 0.416312; 0.341493; 0.242131; 0.222628; -0.0712566; -0.0339269; 0.00909544; 0.031522; 0.0222016; 0.771807; 0.150955; 0.0931451; 0.122492; 0.0992012; 0.0915261; 0.130418; 0.080495; 0.125839; 0.126936; 0.0897407; 0.729541; 0.351741; 0.513608; -0.000751937; 0.0739801; -0.0502529; -0.0276811; -0.00569815; 0.15625; 8414
-0.0226551; 0.351093; -0.327071; 1.24437; 0.502507; 0.747395; 0.00628517; -0.0643506; -0.116682; 0.511738; 0.0467192; -0.00188546; 0.78284; -0.376683; 1.79688; 0.586919; -0.0939574; 0.207593; 0.810981; 0.380703; 0.90839; -0.59423; 0.208894; 1.83774; 0.647214; 0.944234; -8.11284e-005; 0.0347267; -0.00966743; -0.0107156; -0.000366287; 0.15625; 155.5
0.574344; 0.0916416; 0.474081; 0.229246; 0.27571; -0.158814; 0.628058; 0.000420646; 0.0207431; -0.0310175; -0.0394043; 0.166584; 0.781079; 0.163452; 0.533801; 0.654271; 0.512931; 0.419033; 0.574451; 0.234773; 0.418341; 0.461546; 0.668971; 0.52703; 0.327986; 0.977698; 0.00170781; 0.0162967; -0.0481991; -0.0321175; -0.0096238; 0.15625; 1814
0.501076; 0.510537; 0.109165; 0.0625606; 0.220639; -0.667538; -0.0587564; 0.0363635; -0.114822; 0.267069; 0.0171822; -0.177811; 0.786335; -0.107068; -0.146702; 0.505923; 0.166246; 0.291129; 0.359821; -0.376699; 0.42326; 0.0904229; 0.299606; 0.478253; 0.41988; 0.477484; 0.000431184; -0.0110657; 0.0246588; 0.0307695; 0.00170431; 0.15625; 4081.5
0.184264; 0.423588; 0.0903741; 2.04251; 0.873227; -0.365599; 0.0922445; -0.0884777; 0.0465647; -0.0624644; -0.251895; -0.104235; 0.82816; -0.300786; -0.712891; 1.82074; 0.296392; 0.205338; 0.896154; 0.0660993; 1.08175; 0.00419287; -0.489636; 1.09158; 0.538662; 2.7095; 0.00232698; 0.035592; 1.17654e-017; -0.000912548; 7.35052e-019; 0.15625; 495
0.2381; 0.128297; 0.251972; -0.427378; 0.621275; -0.586638; -0.188428; -0.0713945; 0.00698031; -0.041444; -0.152544; 0.092415; 0.754976; 1.27805; -0.415689; 0.00721094; -0.363519; -0.551287; 1.57181; -0.882692; 0.684009; -0.622789; 1.10065; 0.979128; 0.444; -0.864337; 0.00135875; 0.0447237; 0.000765209; 0.000538911; 8.22193e-005; 0.15625; 1076
0.166416; 1.18721; -0.0598142; 0.632471; 0.251998; 0.215684; -0.0159151; 0.0687042; 0.0431561; 0.0137027; -0.00935398; -0.00562063; 0.771623; 0.242573; 0.544247; -0.0517981; -0.322011; 0.860326; -1.62651; 1.97029; -1.04784; 0.0408264; -0.089667; 0.84474; 0.443988; 0.316451; -0.000526328; 0.00101281; 0.010644; 0.00812558; 2.02314e-005; 0.15625; 26.5
0.110135; -0.293875; 0.493714; -0.517344; 0.334032; -0.65298; -0.138786; 0.00221926; 0.0139793; 0.0153135; 0.0105588; -0.00849991; 1.03182; -0.165884; -0.393149; -0.109708; -1.67662; 0.0828234; 1.59589e-005; 0.647069; 1.19392; 0.295102; 0.71954; 0.829304; 0.600756; -0.120725; -0.0010898; 0.0117858; 0.0204576; 0.136758; 0.000248082; 0.15625; 63
0.535036; 1.23483; 0.333834; -0.856637; -0.286464; 0.18044; -0.0691185; -0.129973; 0.00222282; 0.169479; 0.268207; -0.163359; 0.851541; -0.163056; -0.886509; 1.23397; 1.6432; -0.52992; 1.53464; -0.636611; 0.908377; -0.114431; 0.520873; 0.25787; 0.402707; 1.78982; 0.000336241; 0.025143; -0.0132074; 0.00147407; -0.000272016; 0.15625; 389.5
0.671165; 0.357593; -0.127642; 0.781245; 0.0617704; 0.507437; -0.301382; -0.0192405; 0.0265337; 0.0211138; 0.0249347; 0.135038; 0.761139; 0.262628; -0.0654924; 1.4672; -1.55641; 0.374523; 1.1647; 1.05042; 0.245905; -0.320398; 0.331498; 1.00477; -0.0323714; 0.929735; 0.000634829; 0.0336383; -0.00473309; -0.0094263; -0.000315143; 0.15625; 807
1.28838; 0.29376; 0.202883; -0.317771; 0.293634; 0.500923; -0.366245; 5.1149e-005; 0.000148943; -0.0321963; 0.136256; 0.0956047; 0.771761; -0.192469; -4.15061e-007; -9.08466e-007; -0.14563; 0.88898; 1.62549; 2.62007; 0.00352312; 2.01778; 0.541242; 0.470208; 0.291838; 0.254871; 0.000975608; -0.0226886; 0.0463275; 0.011259; 0.00290051; 0.15625; 360.5
-0.405099; -0.701733; 0.192054; -0.135701; 0.319573; 0.758432; -0.586654; -0.0261073; 0.00950631; -0.00663897; -0.0925229; 0.0151265; 0.761637; 0.0889638; 0.797261; -1.07668; 0.165372; -0.0720323; 0.503111; 1.06389; 0.157528; -0.18117; 1.53287; 1.0648; 0.516178; -0.241493; 0.00044608; 0.0491342; -0.00898855; -0.00726305; 8.329e-005; 0.15625; 463.5
0.349094; 0.384717; 0.753256; -0.0398804; 0.417547; -0.692587; -0.269725; 0.0396313; -0.0064118; -0.000745511; 0.0824532; 0.0221349; 0.767642; 1.36767; -0.136214; 0.364568; -0.596496; 0.544896; 0.878272; 1.7436; -0.901402; -0.00209042; 1.12808; -0.772735; 0.444434; 1.16146; 0.000210525; 0.015603; 0.000203794; 0.000152166; 2.62737e-006; 0.208125; 46
0.560347; 0.367652; 0.137896; 0.421462; 0.333691; 0.284677; 0.108597; 0.0331876; 0.00573254; -0.00491475; 0.00179871; 0.00652306; 0.652805; 0.0252254; 0.00678371; -0.024719; 0.153189; 0.029534; -0.0231715; -3.51567e-026; 0.0237508; 3.86943e-026; 0.0316293; -0.00471613; -0.00371655; -0.00754581; -7.03988e-005; -0.000339254; -0.00161917; -0.00140798; 3.45551e-006; 0.208125; 19297
0.472804; 0.968448; 0.557612; -0.254762; 0.44589; 0.17179; 0.134606; 0.00352017; 0.0310437; 0.0132599; 0.0512503; 0.021136; 0.909378; -0.0145122; 0.864557; 0.431683; -1.3871; 0.567229; 4.86478e-005; -0.470076; -7.83856e-005; 0.734867; 2.18317; 1.55637; 0.445124; 1.76442; -0.0003224; 0.0137237; 0.0725942; 0.0563434; 0.000562661; 0.208125; 508.5
-0.0178378; -0.639757; 0.504359; -0.407368; 0.515628; -0.470234; 0.542207; -2.81398e-005; 0.000129849; -0.000784293; 6.36549e-006; 5.52103e-005; 0.729973; 0.398624; 0.00440315; 0.0197008; 1.6153; 0.373208; 0.861986; 0.996338; -1.11487; -0.00478539; -0.0296998; 1.38087; 0.440364; 0.12015; 0.000995396; 0.0205396; 0.000383804; 0.000346496; 1.03128e-005; 0.208125; 805
0.0436755; 0.737265; 0.0737437; 0.73102; 0.516219; 1.42893; 0.625513; 0.341277; 0.0100715; -0.0120709; -0.33107; -0.131111; 0.755625; 0.0437643; -0.237781; 1.77417; -0.322246; 1.62515; -0.243996; -0.282194; -0.00343818; 0.389744; 0.722833; 0.120544; 0.138077; 0.483361; 0.00125451; 0.00254561; 0.0304513; 0.0318058; -0.00262239; 0.208125; 3031.5
0.576662; 0.0635123; 0.482034; 0.54122; 0.185575; -0.492457; 0.42655; -0.00706346; -0.0339046; 0.0126519; 0.0709562; 0.304489; 0.774982; 0.255977; 0.511202; 0.881895; 0.612133; 0.486633; 0.483918; 0.192788; 0.0854992; 0.333732; 0.626668; 0.328846; 0.564008; 0.824443; -0.0005499; 0.045072; -0.0144639; -0.0276585; -0.00395092; 0.208125; 6879.5
0.0873419; -0.915154; 0.790505; 0.00463671; 0.286367; -0.340239; 0.214816; -0.0312037; 0.00415704; -0.00120363; 0.140566; 0.118368; 0.75231; 1.06499; -0.811151; -0.47283; 0.684546; 1.07345; 0.245984; 0.710829; 0.9501; 0.0180815; 1.36394; 0.918289; 0.40086; 0.523998; 0.000894894; 0.0130733; 0.000458359; 0.000656324; -0.0256854; 0.208125; 666.5
-0.0315746; 0.310977; 0.687629; -0.0644698; 0.423269; -0.301075; 0.0500643; 0.00458437; 0.226685; 0.0651805; 0.309416; -0.0721907; 0.740389; 0.426131; -0.0685908; -0.45176; 0.208382; -0.0220684; 0.633058; 1.02671; 0.268578; -0.0324537; 0.368675; 0.475322; 0.423206; 0.518804; 0.000804805; 0.0484391; 0.0130123; 0.00728222; -0.00417906; 0.208125; 6527.5
0.227444; 0.300712; 0.4906; -0.400959; 0.147795; -0.0593593; 0.668896; -0.0206201; 0.023005; -0.00856883; 0.0071604; -0.00252787; 0.912047; -0.266937; 0.646446; 0.00936552; -0.445088; -0.0219428; -1.14866; 0.0176711; 0.303105; -0.510891; -0.0403348; 0.993988; 0.443967; 1.42313; -0.00117536; 0.000940164; -0.00501796; 0.00456698; -0.00096068; 0.208125; 1473.5
0.563982; 1.64675; -0.209118; -0.51532; 0.00915167; -0.107838; -0.47024; 0.0127996; 0.0289177; 0.0209271; 0.0557518; 0.0279832; 0.945171; 0.424404; 0.0128432; -1.42683; -0.108189; 0.00745129; -0.688559; 1.29013; 0.779128; 0.0466659; 0.130842; 0.581709; 0.443764; -0.960832; -5.28537e-005; 0.000443807; -0.0413081; -0.0269971; -0.00297192; 0.208125; 86
0.48106; 0.64911; 0.255351; -0.545343; 0.579341; -0.388235; -0.28355; 0.00808721; 0.0253442; 0.0293659; 1.36824; 0.848333; 0.708587; -0.0544754; -0.586123; 1.49298; 0.553358; 0.00440402; 0.00655059; 0.000372475; 0.0030537; 0.989983; 1.49441; 0.577595; 0.43781; 0.19758; -0.00144514; -0.0107454; 0.0381134; -0.0382074; 0.00120246; 0.208125; 558.5
-0.0882635; 1.76455; -0.501445; 1.17706; 0.583771; -0.137259; 0.0719012; 0.000180999; 0.000587479; 0.0227286; -0.0519906; -0.128751; 0.776562; 0.000187231; 1.4968; 0.0560808; -0.784384; 0.19222; -1.72093e-054; -7.76332e-062; -0.4; -0.333216; 0.666446; 0.709325; 0.443676; 0.0735897; -0.00141207; 0.00979939; -0.0224509; -0.0450343; 0.000140992; 0.208125; 1111.5
-0.132771; 0.29352; -0.110846; -0.426665; 0.35078; 0.0295066; 0.323514; 0.176585; 0.832959; -0.170314; 0.449917; 0.10695; 0.788946; 0.0442211; 0.668797; -0.393166; -0.0760687; -1.28466; -3.96621e-005; 1.43999e-005; -4.55323e-005; -0.119629; 1.22819; 0.412031; 0.232607; 1.22464; 0.00138026; 0.0001791; 0.0278453; 0.021929; 0.00201913; 0.208125; 55
0.709417; 0.390342; 0.597895; 0.728187; 0.705734; -1.00125; 0.591808; -0.0233241; -0.0289804; 0.00644926; -0.00259638; -0.0255296; 0.720419; 0.000373436; -0.522773; 2.02786; -0.764607; -0.376361; 0.746901; 1.17386e-090; 2.17441; -0.00246755; 1.00561; 0.873943; 0.444; 0.432138; 1.77834e-007; -0.0111887; 0.110119; 0.0919012; -2.8884e-005; 0.208125; 616
0.475556; 0.2778; 1.14251; -0.152363; 0.352524; -0.887366; -0.21484; 0.325022; 0.0134935; -0.103517; 0.539368; -0.0501454; 0.786356; 0.463521; -0.656725; 1.34368e-008; -0.782501; 1.30152; 1.28102; 0.41187; -0.200341; -0.00224627; 0.189839; 0.61253; 0.444; -0.446177; 0.00103542; -0.000343801; 0.0106354; 0.00640031; -4.0428e-005; 0.208125; 604.5
0.473057; -0.256328; 0.800953; 0.209476; 0.361065; -0.430159; -0.0619644; -0.0816388; 0.00505396; 0.000756398; 0.186052; 0.0552523; 0.764692; 0.456185; 0.547975; 0.216361; 0.205744; -0.0959134; 0.193459; 0.205109; 0.857658; 0.785291; 0.463556; -0.151991; 0.694583; 0.299495; 0.000738758; 0.0192373; -0.0275865; -0.0246647; -0.00281819; 0.208125; 4074.5
0.0465579; -0.213169; -0.345674; -0.830754; 0.298097; -0.0984326; -0.738929; -0.0808124; -0.0111154; -0.018541; -0.222149; -0.105304; 0.781012; 0.946578; -0.00512839; -0.646117; 0.221081; -0.334008; 0.362737; 1.1235; 0.295393; -0.608808; -0.675025; 0.8426; 0.404099; -0.125277; 0.00266382; 0.0318788; 0.000988448; 0.000736698; -1.04806e-005; 0.208125; 1818.5
1.21026; -0.719218; 0.394075; -0.243928; 0.347264; -0.953131; 0.0797485; -0.00123506; -0.000197828; 0.00254924; 0.00159463; -0.163989; 0.826292; 0.79311; 0.128025; 0.485368; 0.352407; 0.838633; 0.0693142; 0.0821731; 0.369411; 0.21594; 0.905239; 0.985482; 0.608991; -0.122494; 0.000121796; 0.00723657; -0.008128; 0.0112692; 0.00354822; 0.208125; 2015.5
2.0232; 0.849451; -0.0052779; 0.976083; 0.538635; 0.300328; -0.156483; 0.00220611; -0.0581096; 1.39319e-005; -0.00233227; -0.0101806; 0.775581; 0.344242; 0.401877; 1.46324; -1.01985; -0.0346662; 1.56891; 1.64717; -0.96202; 1.11171; 1.41121; 1.33613; 0.429452; 0.0322654; 0.00140913; -0.0537864; 0.0689065; 0.0574269; 0.00534605; 0.208125; 191.5
0.232328; 0.669427; -0.225302; 0.451146; 0.174303; 1.35035; -0.170261; 0.549408; 0.220448; 0.645797; -0.104205; 0.203149; 0.837463; 0.142279; 0.300814; 0.0473201; 0.145388; -0.038023; -0.188796; 1.7882e-010; 6.24415e-010; 0.197996; -0.0107859; 0.168691; 0.252628; -0.300297; 0.00321923; 0.00258525; 0.0309288; -0.00487407; -0.00122632; 0.208125; 13942.5
0.637681; 0.734689; 0.285592; 0.182146; 0.214034; -0.45485; 0.318275; -0.00107591; -0.0179952; -0.0126888; 0.0379871; 0.0396003; 0.762711; 1.57602; -0.44006; 1.21308; 0.085484; 0.673119; 0.610696; 0.365934; 0.00486128; -1.75145; 0.267389; 0.353702; 0.587692; 0.10146; -0.000301933; 0.0321022; -0.00163608; -0.00197828; 0.000309772; 0.208125; 25.5
0.56208; 0.465057; 0.235443; 0.410748; 0.342031; 0.188048; 0.204908; 0.0190885; 0.0491565; -0.0167886; 0.0642138; 0.0353466; 0.786111; 0.15782; 0.090529; 0.13231; 0.153167; 0.097355; 0.148427; 0.108636; 0.107131; 0.121987; 0.0782791; 0.688741; 0.351334; 0.542918; 0.00028544; 0.0271137; -0.0161712; -0.0132096; -0.00101213; 0.208125; 1459
0.462084; 0.192076; 0.600174; 0.106187; 0.177978; -0.159846; 0.156705; 0.0041535; -0.00965384; 0.0131068; -0.0846747; -0.0509985; 0.827869; 0.45494; -0.118395; 1.02207; -0.367112; 0.182109; 0.847833; 0.123507; 0.521402; 0.0495032; 0.039717; 0.0161401; 0.503213; 1.20883; -0.000537617; 0.0214027; -0.00228566; -0.00783875; -0.00527653; 0.249375; 2598.5
0.462724; 0.361407; 0.659411; -0.1453; 0.144453; -0.356719; -0.206149; -0.0155001; 0.0571622; -0.00185176; -0.103312; 0.185023; 0.781374; -0.253933; 0.502303; 1.11645; -0.222817; 0.0136967; 0.578312; 0.473492; 0.425356; 0.973041; 0.482565; -0.29332; 0.499287; 1.05092; -0.000491252; 0.00897358; -0.0046256; 0.000359549; -0.000502674; 0.249375; 2997.5
1.14596; 0.07608; 0.110786; 0.750361; -0.155106; 1.70633; -0.152992; -0.0170231; -0.0751243; -0.120453; -0.0103858; 0.00304607; 0.679132; 0.181677; 0.708746; -0.264927; 0.331575; -0.310611; 1.39407; 1.30123; 1.10721; 1.1091; -0.393772; 0.846537; 0.495284; 0.914264; -0.000189216; -0.0157542; -0.00886478; -0.0185488; -0.000545878; 0.249375; 1244.5
0.566488; 0.418099; 0.260837; 0.351543; 0.364066; 0.117691; 0.178599; 0.0109446; 0.0221033; 0.0252207; 0.030721; 0.0183462; 0.641933; 0.142172; 0.0970277; 0.0990558; 0.14699; 0.111457; 0.17516; 0.154588; 0.100454; 0.136319; 0.155962; 0.619794; 0.238974; 0.531231; 0.000119445; 0.00432795; 0.00287447; 0.00299059; 0.000268558; 0.249375; 14472
0.0161199; 0.0185273; 0.708581; 0.230025; 0.331926; 0.0449324; 0.149415; 0.00659593; 0.0399245; 0.0441998; -0.124241; -0.0207623; 0.817116; 1.1452; -0.0385593; 0.185226; 0.821219; -0.409752; 1.33142; 0.27125; 1.35493; -0.0902162; 0.869344; 0.214143; 0.442703; 1.29138; 0.000590158; 0.0303171; -0.0205052; -0.0252496; -0.000549845; 0.249375; 1134
0.999882; -0.688341; 0.612722; -0.376087; 0.362951; 0.820191; -0.195661; -0.00386397; 0.124484; 0.479857; -0.460217; -0.131315; 0.626104; -0.893982; 1.63011; 2.99465e-005; 0.843722; -2.61984e-005; 0.880075; 1.25759; 1.02829; 0.391613; -1.22975; 0.877481; 0.40145; -0.199403; 0.00141947; 0.0461111; -0.0489642; -0.0352852; -0.00190095; 0.249375; 59
0.71987; 0.607944; 0.371932; 0.128398; -0.0386581; 0.568118; 0.435655; 0.0621041; 0.414857; 0.133714; -0.0692963; -0.016021; 0.971371; -1.0846; 1.0154; 1.64167; -0.233925; -0.851937; -0.303133; 0.91092; 1.46681; -0.482794; -0.222995; 1.8286; 0.488399; 1.65262; 0.000199434; -0.0177301; 0.011771; 0.011637; -0.00110337; 0.249375; 371.5
0.653696; -0.438085; 0.315069; -0.0512334; 0.155205; -0.53734; 0.409155; 0.047263; -0.00319643; 0.00525544; -0.137439; -0.21624; 0.870407; -1.01057; 1.05356; 1.48124; -0.0412836; -0.617141; 0.522656; 0.0719954; 1.9976; -0.00902073; -0.576098; 0.679421; 0.49056; 1.04682; 0.000112968; 0.00101412; 0.00107073; 0.00796722; -0.00131114; 0.249375; 992.5
0.715966; 0.369983; 0.505179; 0.12348; 0.098662; -0.438641; 0.176501; 0.0625226; 0.0903099; 0.0510595; -0.0391241; 0.0142965; 0.922655; 0.670667; -0.241898; -0.423474; -0.0964109; 0.254378; -0.0116471; 0.414657; -0.143228; -0.134227; -0.0300794; 0.780229; 0.925026; 0.00460719; -0.00127052; -0.0279975; 0.0272941; 0.0233726; 0.00398171; 0.249375; 8301
0.673396; -0.215423; 0.924731; -0.106187; 0.16954; -0.411243; -0.632511; 0.0587851; 0.221139; -0.0292978; 0.0310583; 0.0555088; 0.794171; -0.968998; 0.453297; -0.686311; -0.3602; 0.240344; 0.4623; 0.290715; -0.0474598; 0.373651; 0.374822; 0.523228; 0.444011; -0.754667; -0.000669196; -0.008223; 0.0188772; 0.0052278; 0.00156496; 0.249375; 743
0.464826; -0.269401; 1.14034; 0.322234; -0.0349874; -0.00412276; -0.0638068; 0.0213297; 0.0228324; 0.00604802; 0.0140623; -0.0102904; 1.00176; 0.903978; 0.140193; 1.20025; -1.19752; 0.214871; -1.19035; -0.229408; 1.05116; 0.00777264; 0.447959; 0.88123; 0.443943; 0.711889; 1.2499e-005; -0.0202571; 0.022141; 0.0272146; -0.00153651; 0.249375; 766
1.21318; 0.239841; 0.493785; 0.161795; 0.0986225; -0.0895324; 0.178339; 0.141096; 0.0360952; 0.113979; 0.108594; -0.00439481; 0.841439; -0.491923; 0.911757; 0.826314; 0.858045; -0.0373455; 1.06637; -0.0629256; 0.665922; 0.475304; -0.103287; 0.841762; 0.447305; 1.55269; -0.000190355; 0.00331469; -0.0059186; -0.00449649; 0.000151142; 0.249375; 590.5
0.293458; -0.477821; 0.65655; -0.191657; 0.226701; -0.536312; -0.099791; 0.213986; 0.0726324; -0.245448; -0.0751174; -0.0773763; 0.826615; 1.48902; 0.0106633; -0.0701162; -0.583757; 1.9348; -1.15017; 1.35161; -0.12623; -0.0858735; -0.0039077; 1.16598; 0.444275; 0.334539; -0.000427113; 0.00993031; -1.2853e-005; -2.55048e-005; 3.37995e-006; 0.249375; 341.5
0.718425; -0.163426; 1.18224; -0.546917; 0.127044; -0.104779; -0.195243; 0.00976659; 0.0151924; 0.0745903; 0.0114489; -0.0164185; 0.800495; -0.620831; -0.533835; 1.46353; -0.461828; 0.287563; 1.80911; -0.0605912; -0.317516; 0.0881041; -0.124878; -0.340446; 0.442614; 0.917652; -0.000450391; 0.0106328; -8.4245e-005; 0.000352939; 2.66384e-005; 0.249375; 51
-0.954282; -0.491845; 0.122354; 0.828307; 0.809379; -0.569955; 0.327791; -0.0766785; -0.0277194; -0.0233674; 0.00655822; 0.0294998; 0.771561; 1.72269; -0.373638; -0.157759; 1.19881; -0.447238; 0.654713; 0.40327; 1.22324; -0.564021; 0.535965; 1.08785; 0.443341; 1.91381; 0.00347427; 0.0656888; -0.0292704; -0.0213363; -0.000715774; 0.249375; 389.5
0.517605; -0.688078; 0.877453; 0.0423151; -0.285953; 0.641467; -0.900424; -0.367321; 0.167457; -0.0692485; 0.104256; 0.0430116; 0.595446; -0.425693; 1.13456; -0.0077472; 0.399573; -0.085678; 0.772627; 0.46508; 0.454568; 1.72157; -1.21357; 0.531469; 0.490065; 0.576905; -0.00178342; -0.018263; 0.0117722; 0.0153693; 0.000410498; 0.249375; 63.5
0.749068; 0.165011; 0.82874; -1.06351; 0.27546; 0.352677; -0.679013; -0.0088126; -0.0403182; 0.00135474; -0.053001; -0.144735; 0.744984; -0.385104; 0.65958; 0.886176; 1.23847; 0.843592; 1.48485; 0.452204; 0.888434; 0.135998; 0.0474115; 0.597936; 0.483858; 1.32167; 0.00242209; 0.0178757; -0.0150755; -0.0129227; 4.31811e-005; 0.249375; 37
-0.415934; -0.0416909; 0.627811; -0.272636; 0.342353; 0.29807; -0.0739745; -0.00615551; 0.00508718; 0.0119801; -0.0402447; -0.153503; 0.82951; -0.130898; -0.287432; -0.0859528; 1.12785; 0.808082; 1.04252; 0.574526; -0.105342; -0.0852185; 0.140156; 1.04351; 0.565275; 1.27502; 0.00142638; 0.0277112; -0.00288799; -0.00589166; 0.000345739; 0.249375; 191.5
-0.366437; 0.398346; 0.389421; -0.129206; 0.622282; -0.800246; -0.522602; -0.0262681; -0.00955119; 0.00517237; -0.00426562; -0.0681122; 0.810831; 0.89351; -0.253166; -0.153113; 1.00645; -0.200598; -0.139216; 0.986218; 0.176651; -0.22132; -0.228383; 0.824551; 0.405955; 0.683399; 0.00315363; 0.0800968; -0.0347123; -0.0272867; -0.00118377; 0.249375; 1642.5
1.45295; -0.142266; 0.353884; -0.209933; 0.484058; -0.139585; -0.158587; 0.0934339; -0.0843485; 0.0940599; -0.126207; -0.135457; 0.821489; -0.492957; 1.1652; 1.13705; 1.08303; 1.08182; 0.206235; -0.460904; -0.0404989; 1.05394; 0.917808; 1.08633; 0.575324; -0.668714; -0.000704952; -0.00354288; 0.046788; 0.0522074; 0.00311452; 0.29125; 103
0.50371; 0.0269551; 0.208363; -0.00716842; 0.42501; -0.725373; 0.349184; 0.0118126; -0.00846435; -0.0102646; -0.013387; -0.0355192; 0.767883; -0.485534; -0.200654; -0.169605; 1.06791; 0.53253; 1.15288; 1.1996; -0.000175282; 0.0474638; 0.278961; 1.05672; 0.322833; 1.43008; 0.00237968; 0.0440908; -0.017342; -0.0139328; -0.000465921; 0.29125; 150.5
0.566035; 0.463046; 0.281195; 0.418527; 0.303603; 0.0815936; 0.183386; -0.00330616; 0.0588452; 0.0280724; 0.0650362; 0.0370047; 0.788917; 0.203865; 0.123397; 0.128095; 0.185104; 0.103175; 0.164567; 0.065327; 0.159531; 0.114675; 0.0980521; 0.669291; 0.365823; 0.585728; 0.00049554; 0.0388756; -0.0226292; -0.0316876; -0.000286789; 0.29125; 3694.5
0.844938; 0.0953979; 0.0228589; 0.518671; 0.77125; -0.579546; 0.0867429; -0.0231325; -0.0196576; -0.00150228; -0.0195044; -0.158787; 0.800027; 0.745904; -0.57905; 1.01368; -0.228569; 0.483731; -6.65201e-035; -0.284267; -0.117608; 0.732138; 0.260441; -0.291267; -0.0899801; -0.172728; 0.00114233; -0.0138066; 0.0843231; 0.0619097; 0.000692991; 0.29125; 781.5
1.3697; -0.174396; 0.569839; -0.243706; 0.683822; -0.873008; -0.286216; 0.0410234; 0.0468159; -0.0654305; -0.0144503; -0.046656; 0.819356; 1.0822; -0.753258; 0.13335; 0.569726; 1.40749; -0.0757923; -0.136663; -0.281432; 0.183641; 0.293708; -0.228554; 0.000500517; -0.285971; 0.00135235; 0.0063133; 0.0260524; 0.0148333; 0.00154807; 0.29125; 1962
0.871519; -0.383482; 0.499582; -0.203247; 0.703583; -0.964741; 0.0214002; 0.00518832; -0.00198143; -0.00413621; -0.0029395; 0.00151104; 0.748951; 0.845704; -0.188733; 0.942557; -1.12696; 1.11094; 1.74664e-049; -1.6164e-049; 1.83235e-048; 1.7788; 0.665545; -1.01555; -0.385305; -0.0605488; 0.00014616; -0.0104836; 0.044485; 0.0386826; -0.000447059; 0.29125; 233.5
0.757527; 0.882658; 0.128094; 0.953652; -0.200158; 0.811374; -0.133398; 0.000787458; 0.00247991; 0.0133163; 0.0015071; 0.00614884; 0.753163; -0.191876; 1.88704; 1.11731; -0.00739589; -0.180703; 0.536369; 0.422903; 0.00817994; 0.848488; -1.91386; 1.40281; -0.137055; 0.71696; 0.00872576; 0.0333513; -0.00551525; -0.00785203; 0.00650662; 0.29125; 10.5
0.175555; -0.980602; 1.0388; -0.0392716; 0.090112; -0.823361; 0.0135454; 0.0466476; -0.00712249; 0.0605049; 0.421747; -0.0572487; 0.898076; 0.717278; 0.385363; -0.234565; 1.0923; 0.137252; 0.265247; 0.562994; 0.560072; 0.38447; 0.58189; 0.531469; 0.303478; -0.133555; -0.000278764; -0.0062662; -0.0311774; -0.0452202; -5.6637e-006; 0.29125; 2551
0.422907; 0.357968; 1.04282; -0.318309; 0.208084; -0.716197; 0.043132; -0.0163108; -0.0661375; 0.0200543; 0.542426; 0.173299; 0.884611; -1.07909; 1.57369; -0.225034; -0.584839; 0.00260088; 0.107643; 0.820711; -1.02793; 0.246586; 0.705062; 0.0701497; 0.462368; -0.784449; -0.000129265; -0.0152179; 0.0130667; -0.0205854; -0.00117619; 0.29125; 85.5
0.134505; 0.24555; 0.458636; 0.876352; 0.648418; -0.0115579; 1.1124; 0.0174596; -0.00506425; 0.332771; 0.417437; -0.0546499; 0.762689; 0.129382; 0.144553; 0.209769; -0.954693; -0.330215; 3.22147e-024; 3.22876e-024; 0.623477; 1.14289; 1.47643; 0.145947; 0.0480575; 1.07523; 0.00238592; 0.00189247; 0.0468064; 0.00465394; 0.001583; 0.29125; 1261
0.349031; -0.358339; 0.815227; 0.179999; 0.226845; 0.0765266; -0.0737883; 0.0372294; -0.00836774; 0.0231672; 0.519041; -0.058099; 0.749644; -0.0313929; 1.25946; -0.320522; -0.040735; -0.0919891; 0.936243; 0.919534; -0.822126; 1.05697; 1.10059; -0.342592; 0.476344; -0.139673; 0.0658659; 0.0431716; 0.0633101; 0.0307223; 0.021711; 0.29125; 39.5
0.876896; 0.249773; 0.669256; 0.0908541; 0.346009; -0.741278; -0.300587; 0.00397829; -0.0679325; 0.112235; 0.183728; 0.0397657; 0.843439; 1.19522; -0.553929; 0.298802; 0.665458; 2.06018; 0.480776; -0.829225; 0.348783; 1.89599; 1.09814; -0.376759; 0.1262; 0.162933; -0.000686831; -0.0313433; 0.0244795; 0.017388; 0.00260028; 0.29125; 1281
0.49002; 0.514214; 1.33256; -0.590258; 0.500681; -0.782927; -0.54391; -0.00630651; -0.191786; -0.000377979; 0.174387; -0.0938319; 0.665339; 0.327336; 0.682822; -0.0644059; 1.56245; -0.184657; 0.687714; -0.0307047; 1.61054; 0.212019; -0.0732057; 1.63131; 0.527141; 0.230923; 0.00295602; 0.0435092; 0.0275587; 0.00215513; 0.00116839; 0.29125; 25.5
0.555464; 0.415744; 0.20077; 0.322946; 0.344233; 0.205529; 0.0873146; -0.00691722; 0.00426859; 0.0124666; 0.0146737; -0.0123776; 0.451928; -7.684e-026; 7.21066e-015; -0.00223954; 3.64153e-015; -1.10125e-014; -0.00223954; 8.54824e-021; 6.32752e-019; 6.92586e-013; 2.87242e-020; 0.0057573; 0.00610255; 0.00802598; 3.7276e-005; 0.00024863; 0.000857349; 0.000745521; 7.56535e-016; 0.29125; 17913.5
0.103102; -0.166125; 0.942289; -0.333149; -0.359126; 0.0994143; -0.447575; -0.0908516; 0.101858; 0.00327562; 0.320805; -0.146998; 0.830451; 0.965126; 0.439782; 0.106455; 1.38203; -0.083936; 1.23525; 0.657451; -0.365968; 0.38818; -0.112922; 0.849616; 0.477453; -1.05804; -0.000238701; 0.00640591; 0.00885486; 0.00755766; -0.000570804; 0.333125; 2012.5
0.697152; -0.400368; 0.52882; 0.21339; 0.184677; -0.131859; -0.113962; 0.0464562; 0.175838; 0.214702; -0.267893; 0.0305388; 0.699002; -0.915104; 0.84027; -0.979164; -0.00957729; -0.504858; -1.08722; 0.233442; 0.183668; -0.099775; 0.853052; 0.254586; 0.456827; 0.323908; 0.000184905; 0.00988757; 0.0167138; -0.0117951; 0.000464877; 0.333125; 10.5
0.0783248; 0.00370451; 0.786362; -0.0218935; 0.35848; -0.222763; 0.222294; -0.00657782; 0.260698; -0.114908; 0.0539984; 1.07656; 0.854266; -0.103564; -0.144436; 0.0945378; 1.14321; -0.860335; 0.0411966; -0.362137; 0.237929; 0.438094; 1.10125; 1.35015; 0.469243; 1.92682; 0.000717889; -0.0011172; 0.0746099; 0.0478842; 0.000521435; 0.333125; 462.5
0.619319; 0.145549; 0.405772; 0.270874; 0.199682; 0.17918; 0.41629; -0.0124051; 0.0246776; -0.00131523; 0.118762; -0.069484; 0.741951; -0.12092; 0.205183; 0.707535; 1.2154; -0.276402; 0.913994; 1.12291; 0.534242; 0.193367; 1.37212; 0.682951; 0.541514; 1.45764; 0.000203018; -0.0079549; 0.0330017; 0.0287976; 0.00106007; 0.333125; 166
1.16858; 0.246312; -0.190154; 1.02187; 0.65042; -0.831758; -0.295508; -0.00352182; 0.0265176; 0.0210959; 0.0398904; 0.0210695; 0.758856; 1.81187; 1.45259; 0.654342; 1.93938; 0.371199; 0.520728; -1.01864; 0.350409; 1.98826; 0.808822; 0.893847; 0.59343; -0.390846; -0.000199575; 0.0218; 0.0106164; 0.0326222; 0.00106779; 0.333125; 454
0.439162; -0.38869; 0.969463; -0.18909; 0.212336; -0.108197; -0.370384; -0.187264; 0.0768185; 0.0758672; -0.0997012; 0.525586; 0.732084; 0.122297; 2.33161; 0.0295675; 0.840398; -0.488918; 1.54965; 0.659616; -0.281657; -0.423626; -0.625253; -0.14979; 0.480791; 1.38366; 0.000229448; 0.00578016; 0.0078553; -0.000203569; 0.000542889; 0.333125; 217.5
0.735552; -0.0862978; 0.514544; 0.047329; 0.0204581; -0.277951; -0.097889; -0.0248943; 0.0756516; -0.0200385; 0.415408; -0.0375676; 0.788757; 0.577729; 0.957269; -0.00179678; 1.17029; -0.0931599; 1.17971; -0.0990993; -0.602023; 1.26918; -0.154347; 0.724277; 0.42436; -0.384391; -0.000602816; -0.0147186; -0.00192547; -0.00238371; -0.000230854; 0.333125; 1117
0.434596; 0.518079; 0.844582; 0.763717; -0.0592976; 0.639591; -0.169216; -0.17148; -0.0464394; -0.0691345; 0.0209578; 0.276003; 0.745453; 0.211339; 0.89348; 0.0588134; -0.0750911; -0.0889105; 1.00196; 0.202743; -0.00566082; -0.0556789; 0.135044; -0.124675; 0.680976; 1.03069; -0.0010232; -0.0157393; 0.0433251; 0.0289298; -0.000108116; 0.333125; 656
0.595405; 0.414218; 0.322146; 0.48404; 0.258254; 0.0646769; 0.265262; 0.00693431; 0.0559833; 0.0320027; 0.0241894; 0.036378; 0.808234; 0.203471; 0.0870466; 0.165936; 0.185136; 0.0750632; 0.155465; 0.0845754; 0.0887877; 0.137704; 0.0778685; 0.697851; 0.38487; 0.54022; 0.000333193; 0.0200782; -0.000966596; 0.00380694; -0.000254373; 0.333125; 4972
0.543828; 0.436148; 0.228059; 0.304628; 0.320201; 0.204882; 0.0736928; 0.000621334; 0.0247427; -0.0103686; 0.0013232; -0.00247988; 0.414438; 1.50385e-015; 2.36552e-017; -5.85478e-014; 2.06601e-017; 1.77023e-017; 1.37151e-016; 2.8179e-018; 6.0578e-020; 5.65219e-021; 4.38404e-016; -9.46979e-009; -8.45204e-009; -1.51517e-008; -2.56725e-011; -1.28489e-010; -5.90467e-010; -5.1345e-010; 2.39985e-019; 0.333125; 10123.5
1.33784; -0.596066; 0.192041; 0.482501; 0.539113; -0.58635; -0.0448388; -0.0138601; -0.00445086; -0.00870459; -0.0203714; -0.0227501; 0.795727; 0.631278; 1.34773; 0.560162; 0.455247; 1.03861; -0.083413; -0.190788; 0.452415; 1.15094; 1.0193; 0.690569; 0.477307; -0.283175; -0.000337744; -0.00301944; 0.0293041; 0.0157748; -0.00169406; 0.333125; 946.5
0.444531; 0.606471; 0.18558; 0.0247055; 0.132348; -0.0163281; 0.406498; -0.026366; -0.134467; 0.128051; -0.192043; 0.0082242; 0.799976; 0.949121; 0.97452; -0.419824; -0.234814; 1.48276; 0.912259; -0.707692; -0.222481; 1.63877; 1.54871; 0.738786; 0.542846; 0.986572; -0.00104185; -0.00987481; 0.004641; 0.00656186; 6.99006e-006; 0.333125; 27
0.233465; -0.091606; 1.00593; -0.264888; -0.191057; -0.0494858; -0.249817; 0.00512944; -0.091162; -0.146369; -0.0803779; -0.089983; 0.608622; 1.17395; 0.208505; 0.98662; 1.15734; -0.164465; 0.629768; -0.151737; -0.654583; -0.122901; -0.21506; 0.785435; 0.389455; 0.401409; -0.00117515; 0.0492595; 0.0491986; 0.0578246; -0.001691; 0.333125; 789
0.0383456; 0.85644; 0.0673515; 0.0110843; 0.24348; 0.515244; -0.1353; 1.12038; -0.0567807; 0.67722; 0.215039; 0.0905324; 0.751842; 1.18327; 0.964276; -0.342374; -0.648108; 1.81338; 0.417449; 1.49568; -0.761882; -0.00162391; 0.981309; 0.807038; 0.595222; 0.117248; 1.53734e-005; 0.016381; 0.000146321; -0.000177429; 1.91292e-005; 0.333125; 28
0.295641; 0.889683; 0.00382496; 0.0647096; 0.306777; 0.578189; -0.0185535; 1.02734; -0.130229; 0.671699; -0.0357472; 0.00417677; 0.727431; 1.28076; 0.993878; -0.189322; -0.121671; 1.11572; -0.00471659; 1.11084; -0.0571507; -0.00181994; 1.15633; 0.710902; 0.444104; 0.112097; -0.000306986; 0.0203136; -0.00164696; -0.00176626; -0.000111118; 0.374375; 3697
0.601717; 0.0238741; 0.779249; 0.0336528; 0.10846; -0.194833; -0.0281614; -0.0299218; -0.0138916; -0.028976; 0.000346342; -0.0342409; 0.868998; 1.06421; -0.0999904; 1.21504; 1.04126; 1.47897; 1.00917; -0.188409; 0.128897; -0.12072; 1.09206; 0.687884; 0.339432; 0.0185434; -0.000379551; 0.00572363; 0.0199106; 0.0193079; -0.00119162; 0.374375; 900.5
0.952064; -0.313711; 1.05833; -0.444345; 0.273207; -0.927447; -0.129842; 0.00813041; 0.0118074; -0.0016148; 0.0172378; -6.79696e-005; 0.928148; 0.87377; -0.491623; 0.759745; 0.360077; 1.06912; 0.14508; -0.0128034; -1.40217; 1.10968; 0.390032; 0.218218; 0.114; 0.0544155; -0.000256887; -0.0130623; 0.0157528; 0.0170682; 0.0001388; 0.374375; 580.5
1.26983; -0.195845; 0.120326; 0.156381; 0.559336; -0.265148; 0.474658; -1.46554e-005; -0.000222737; -0.0044166; -0.0762322; -0.0143327; 0.751034; 1.18174; 1.06471; -0.438018; 1.16636; 0.671257; -0.319183; -0.300607; 0.837688; -0.550029; -0.324272; 0.254499; 0.172064; 1.28901; 0.00314938; 0.0419119; -0.000173576; -0.00645814; -0.00129414; 0.374375; 366.5
0.593263; -0.251796; 0.819638; 0.0530392; 0.214176; -0.620052; -0.178852; 0.194744; -0.0328948; 0.145917; 0.0127749; -0.00484536; 0.843659; 0.942866; -0.392844; -0.166435; -0.131832; -0.0525467; -0.372479; 0.974416; -0.0113248; -0.203084; 1.15883; 0.814035; 0.501954; -0.0862304; -0.00101844; -0.0234221; 0.0854797; 0.0692142; -5.85777e-005; 0.374375; 136.5
0.0559654; 0.190882; 0.980727; -0.240082; 0.704973; -0.844327; 0.129262; -0.0310967; -0.0437606; -0.0882541; -0.107294; -0.297323; 0.832848; 0.937756; -0.812398; 0.740764; 0.698422; 0.302417; -0.385721; 0.140924; 0.577607; -0.382056; 0.508563; 1.0625; 0.513483; 0.461843; 0.000856426; 0.0171317; 0.0324426; 0.0286663; -0.000214734; 0.374375; 805.5
0.221841; 0.449299; 0.466292; 0.355139; -0.0140296; 0.513593; -0.17485; 0.924231; -0.0322253; 0.629072; -0.00501423; 0.00113995; 0.839642; 0.584607; 0.587817; -0.0278188; 0.175583; 0.438468; -0.133942; 1.02353; -0.27553; 0.0120992; -0.0635761; 0.551901; 0.47705; 1.04418; -0.00103422; 0.00300134; 0.00346602; 0.0090883; -0.000313882; 0.374375; 236
0.546057; 0.437222; 0.273735; 0.2967; 0.322959; 0.131394; 0.0906298; 0.007875; 0.00828192; 0.00212462; 0.00546597; 0.017534; 0.487205; 0.161872; 0.0116867; 0.0674468; 0.159085; 0.131132; 0.0486627; 0.0349953; 0.103591; 0.15315; 0.0740908; 0.354531; 0.125686; 0.268038; 3.82257e-005; 0.00143051; 0.00566847; 0.0052855; 0.000206909; 0.374375; 8948
1.70529; 0.16668; 0.256935; 0.208721; 0.373853; -0.244611; -0.181207; 0.00657728; 0.018881; 0.0050403; -0.0137749; -0.0065381; 0.828152; 0.0944092; 0.114755; 0.0547611; -0.731061; 0.190018; 0.208855; 0.000276223; 0.181911; 0.549587; 2.529; 0.494919; 0.126067; -0.307287; -0.000217594; 0.00246842; 0.104463; 0.0935499; 0.00366451; 0.374375; 48.5
0.555768; 0.443131; 0.271279; 0.287793; 0.304607; 0.152082; 0.086527; 0.0185575; 0.0220271; 0.00102191; -0.00371763; 0.0158976; 0.475871; 0.145521; 0.0909706; -0.00388174; 0.127606; 0.120671; 0.0462738; 0.0399993; 0.0386196; 0.0853349; 0.0829142; 0.305268; 0.101248; 0.239932; -3.42703e-005; -0.0039645; 0.00791515; 0.00681713; -0.000140282; 0.41625; 9896
0.454035; -0.0432947; 0.732113; 1.06367; 0.266696; -0.461276; 0.901433; 0.0152149; -0.0524017; 0.0110117; 0.0309577; -0.0182065; 0.870728; -0.6716; 0.649575; -2.50783e-021; 1.07661e-020; -3.90734e-020; -5.32309e-021; -2.24867e-020; -1.5975e-021; 0.45706; 4.67433e-021; -0.066765; -0.448416; 1.60475; 8.73777e-024; -0.00275634; -0.00747381; 0.0292448; -0.00197708; 0.41625; 498.5
0.419698; 0.236806; 0.762486; 0.25997; 0.296252; -0.116078; 0.033589; 0.0110324; -0.00067225; -0.0192735; 0.332336; -0.00153121; 0.750921; 0.512316; -0.0468471; -0.187536; 1.26396; -0.197944; 0.278173; 1.16352; -0.297518; 1.04864; 0.648656; -0.322351; 0.457004; 0.0634359; -0.000174419; 0.0170478; -0.021233; -0.0185414; -0.000830903; 0.41625; 558
0.461644; 0.95862; 1.43888; -0.615984; 0.0059062; -0.499641; -0.589665; 0.013434; -0.0649821; -0.0400667; -0.0312893; 9.63393e-005; 0.728236; 0.0493605; -0.00725032; -0.0983669; 0.0423675; -0.0296467; -0.0483306; 0.11048; -0.0421337; -0.696267; 1.36249; 1.28691; 0.440524; 0.275559; -0.000386921; 0.0243784; 0.003968; 0.000837023; 0.000290416; 0.41625; 256
0.215293; 0.546254; 0.835164; -0.240142; 0.343232; -0.291938; 0.0526526; 0.0581409; -0.0852243; -0.0208589; -0.150169; -0.0518672; 0.741898; 1.00635; 0.560348; 0.794059; 1.00015; -0.0927479; 0.0649174; -0.080674; -0.444015; 0.242604; 0.354192; 0.413455; 0.412003; 1.27705; 0.000250372; 0.0023022; 0.0502909; 0.0595977; -0.000201036; 0.41625; 180.5
-0.152166; 0.0500165; -0.014327; -0.392966; 0.519394; -0.246212; 0.136841; -0.0301612; -0.0767527; -0.00389631; -0.080386; -0.0482617; 0.815331; -0.187998; 0.524465; 1.02898; 1.06852; 1.0804; 0.600396; 0.350458; -0.1092; 0.483132; 1.03668; 1.21535; 0.378343; 1.16819; 0.0016504; 0.0164535; 0.017164; 0.0148757; 0.000789167; 0.41625; 465.5
0.138674; -0.24702; 0.671172; 0.0680643; 0.619824; -0.44633; -0.253492; -0.00666112; 0.00759737; 0.0351841; 0.0350979; 0.00802388; 0.79408; 0.484561; -0.137831; 0.403779; 1.13677; -0.156929; 1.94642; 0.224026; -1.45566; 0.566679; -0.477474; 0.328891; 0.477093; 0.125787; 0.0234956; 0.0547261; 0.00746689; 0.0285342; 0.0241894; 0.41625; 13
0.0255194; -0.202125; 0.981706; 0.152629; -0.0416741; 0.66934; -0.235022; 0.00622092; -0.0566939; -0.0125847; -0.0702321; -0.0726209; 0.884101; 0.732672; 0.937852; -0.679376; 1.42209; 1.17585; 0.0462893; -0.705032; -0.682678; -0.22334; 0.469326; 1.16425; 0.477074; 0.601844; -0.00116133; -0.00170854; 0.0543762; 0.0297104; 0.000968197; 0.41625; 33
0.391929; 0.275289; 0.890888; -0.158224; 0.129581; -0.318492; -0.0954807; 0.0170472; 0.0132804; 0.00188384; 0.0772296; 0.0108716; 0.789542; 1.85322; 1.93592; -0.228932; 1.18468; 1.09673; 0.142316; 0.509668; 0.0845579; -0.340455; -0.494739; 0.546844; 0.456197; 0.583541; 0.00950219; 0.0155547; 0.100541; 0.0406146; 0.00521326; 0.41625; 12
-0.0687847; 0.570281; 1.31808; -0.0324627; 0.395664; -0.230985; 0.0870813; 0.000101966; -0.0292463; -0.0060609; -0.0668259; -0.038347; 1.01412; 0.237635; -0.0210636; 0.304331; 0.613012; -0.106478; 0.97302; 0.252179; 0.1032; -0.0539102; -0.198623; 0.715928; 0.489796; -0.00927565; 0.000459468; 0.00280808; 0.0195673; 0.047211; -0.00172922; 0.41625; 435
0.223453; 0.367145; 0.101299; 0.69696; 0.658346; -0.659932; 1.1252; 0.00263966; 0.00173027; -0.0164281; 0.0302086; 0.0361086; 0.656922; -0.417825; -0.194859; 1.23357; 1.21591; 1.46828; -0.0277263; -0.0107773; -0.231425; 1.40779; -0.519537; 0.77753; 0.44312; 1.4461; 0.00232864; 0.00500651; 0.0721969; 0.0678089; 0.0288757; 0.46875; 41
0.286879; -0.192215; 0.603048; -0.588037; 0.464737; -0.561997; -0.277939; -0.00354269; -0.000338337; -0.000126342; -0.0654108; -0.00803709; 0.834821; 0.020189; 1.54084; -0.355358; 0.515943; 0.976353; 4.16929e-023; -3.123e-024; -1.48625e-023; 0.690635; 0.773587; 0.416906; 0.447652; -0.0814277; 0.0011143; 0.00571192; 0.0237802; 0.0196868; -0.00044024; 0.46875; 577
0.519263; 0.465477; 0.2803; 0.299921; 0.329966; 0.126307; 0.122851; 0.00812274; 0.00492976; 0.00027842; -0.0190186; -0.0173932; 0.50068; 0.146323; 0.0860959; 0.00074127; 0.116123; 0.114544; 0.0247457; 0.0395901; 0.0426523; 0.135507; 0.0826162; 0.277254; 0.109592; 0.201908; 0.000161334; -0.00151268; 0.0107901; 0.00961443; -0.00129904; 0.46875; 7301.5
-0.0907287; -0.0451601; 0.614805; -0.582709; 0.619997; -0.10417; -0.617542; -0.00600165; 0.000697068; -0.000254885; -0.0194719; -0.0574051; 0.867606; 0.179899; 0.88358; 0.293791; 0.516763; 1.82373; 1.97453e-020; 1.5703e-020; -6.66742e-020; -0.99378; 0.598405; 0.0589225; 0.189255; -0.394869; 0.00232039; 0.00743681; 0.0258493; 0.0254795; -0.00112214; 0.46875; 835
0.227344; -0.28805; 0.472811; -0.152722; -0.00884643; -0.351554; 0.280259; -0.000177; -0.040787; -0.0245551; -0.0497788; -0.146925; 0.881875; 1.25293; 0.623438; -0.345857; 1.04497; -0.282881; 1.20236; -0.320487; 0.972148; -0.137823; -0.230332; 0.544696; 0.578115; 1.38326; 0.007114; 0.0459334; -0.00130423; 0.0537627; 0.0018564; 0.46875; 94
0.233672; 0.331914; 1.04021; -0.220981; 0.801208; -0.400624; -0.0222583; -0.00563084; -0.0266416; -0.00478767; -0.0495749; -0.159867; 0.782508; 1.06244; -0.0589251; 0.260234; 1.02561; -0.209741; -0.23655; -0.288277; 0.490835; 0.276197; 0.298746; 0.639902; 0.309106; -0.119629; 0.00223345; 0.0384689; -0.0284058; -0.0142524; -0.00037807; 0.46875; 3751.5
0.339073; -0.129305; 0.737451; 0.270796; 0.767265; -0.354073; -0.270362; -0.00176574; -0.0186858; 0.0043029; -0.0637672; 0.00208002; 0.70541; 0.957531; -0.517671; 0.0150197; 1.28097; -0.0507853; -0.465779; 0.0776238; 0.748361; -0.208489; -0.127641; 0.74091; 0.204322; -1.01125; 0.00351847; 0.0650098; -0.0380177; -0.0493692; -0.00135152; 0.46875; 33.5
-0.0161296; 0.265517; 0.393081; -0.250648; 0.555362; -0.343897; -0.176132; -0.00495967; -1.89409e-007; -0.00204728; 0.0024967; -0.0027798; 0.848795; 0.0225825; 0.713079; -0.646423; -0.736096; 2.29545; -1.93576e-023; -0.0261483; -0.039759; 1.25452; -0.205809; 0.148201; 0.257235; 0.231608; 0.00205467; 0.000559054; 0.0387802; 0.0337489; -0.00212085; 0.46875; 965.5
0.0268865; -0.111683; 0.572445; -0.345832; 0.739865; -1.10426; -0.293883; -0.104745; -0.000174932; -0.000986185; 0.0124022; -0.213334; 0.778047; 0.0846524; 1.03071; -1.16177; 0.639098; 0.946168; -5.16719e-024; -8.52513e-025; -4.85478e-024; 1.06417; -0.493802; 0.128696; 0.0696684; 1.02628; 0.00173365; 0.00427929; 0.0142693; 0.0162791; -0.00517599; 0.46875; 160
0.541231; 0.438567; 0.301765; 0.235641; 0.30868; 0.114081; 0.104434; 0.00959222; 0.0315883; -0.001574; 0.00222108; -0.00859055; 0.469928; 0.105481; 0.121435; 0.0218422; 0.186299; 0.111885; 0.0292734; -0.00997355; 0.00829975; 0.112194; 0.102887; 0.33005; 0.10588; 0.2861; -4.43234e-005; -0.00125411; 0.01217; 0.00792153; -0.000295283; 0.53125; 8863
1.52138; 0.0501661; 1.24701; -0.280573; 0.0641185; -0.773831; -0.168611; -0.023467; 0.301267; 0.0775542; 0.112421; -0.167644; 0.760367; -0.147921; -0.153999; -0.510829; -0.0327049; 1.05162; -0.388987; -0.725127; 1.36154; 0.860907; 1.16719; 0.316017; 0.522454; -0.393062; 0.115397; 0.214393; 0.295544; 0.151962; 0.133105; 0.53125; 11.5
0.153639; -0.424507; 1.31052; -0.350802; 0.453937; -0.22215; -0.476158; -0.0214487; -0.0259835; -0.00491139; -0.0801673; -0.0334873; 0.672152; 1.11583; -0.0202299; 1.00079; 1.00012; 0.961961; 1.11222; 0.692623; 0.461553; -0.110102; 0.34141; 0.687162; 0.465293; -0.605278; 0.00154638; 0.0205609; 0.0282903; 0.0240873; -0.000197455; 0.53125; 132.5
0.759816; 0.366516; 0.00460653; 0.999527; 0.251994; -0.479628; 0.898497; -0.00493604; -0.0401673; 1.02426; -0.0205965; 0.00648828; 0.786652; -0.0641118; -0.00220046; 1.00345; 0.0866637; -0.123551; -0.0723074; -0.0173989; -0.00800717; 0.90941; -0.4278; 0.936291; 0.612769; 1.09559; 0.00100561; -0.00449939; 0.0214162; 0.0234547; 0.00167211; 0.53125; 97.5
0.675304; 0.111764; 1.1064; -0.0183551; -0.00341464; -0.166421; -0.488064; 0.0199719; 0.0116977; -0.000251499; 0.0449165; -0.0276268; 1.0072; 0.970956; 0.111988; 0.233367; 0.379044; -0.120284; 0.0265981; 0.178565; 0.189271; 0.113388; 0.291757; 0.639325; 0.260933; 0.653556; 0.0130583; -0.00064397; 0.0473769; 0.00166862; 0.00281643; 0.53125; 204.5
0.523743; 0.399068; 0.28512; 0.220877; 0.30355; 0.146694; 0.0353079; 0.00633531; 0.00137382; 0.00158906; -0.00138731; 0.0495273; 0.410331; 1.84322e-014; 5.77872e-014; -4.43282e-006; 2.73019e-039; 0.0587254; -9.35059e-013; -0.00109119; -1.1759e-011; 0.0760691; 1.49436e-024; 0.21491; 0.068282; 0.123357; 4.15467e-005; 0.00149221; 0.00189616; 0.00147755; -4.94141e-006; 0.59375; 5074.5
0.259905; 0.221796; 0.638377; 0.845347; 0.0998698; 0.203617; 1.30245; 0.159326; 0.150037; 0.181115; -0.00378144; 0.507365; 0.858981; 0.84362; 0.0528311; 1.87548; -0.666156; 0.752282; -1.25308; -0.479358; -0.823175; 0.293784; 0.337771; 1.01847; 0.374226; 1.39935; -0.000452635; -0.00223718; -0.0283208; -0.0325822; 0.00129766; 0.59375; 158.5
0.286675; 0.556055; 1.38872; 0.162234; 0.478879; -0.218768; -0.0024898; -0.0393832; -0.027118; 0.00400887; -0.0128701; 5.76249e-005; 0.783345; -1.36401; 0.504668; -9.9539e-011; 4.60461e-021; 1.25422; -1.00911e-010; 1.95443e-033; -8.65385e-033; 0.891376; -3.35015e-010; -0.0214215; -0.062788; 0.166341; 0.000270338; -0.00380173; -0.0233642; -0.0191121; 0.000386708; 0.59375; 119
0.0885252; 0.36607; 0.457311; 0.0550684; 0.538541; -0.347617; -0.22126; -0.0381873; -0.0172261; -0.00285761; -0.110859; -0.155851; 0.830613; -0.122681; 1.03479; 0.915416; 1.0495; 1.13636; -0.034076; -0.0593808; -0.0510138; 0.0331901; 1.1975; 1.11769; 0.40509; 0.292054; 0.00120462; 0.00226779; 0.0694124; 0.0244763; 0.000315523; 0.59375; 365
0.877668; 0.257493; 0.748277; 0.271851; 0.32792; -0.279094; -0.0386249; -0.015441; -0.0102517; -0.0201266; -0.00502453; -0.0199484; 0.818387; 0.326222; 0.331436; -0.952588; 1.62151e-024; 1.12812; -7.41252e-025; -0.116667; 3.78051e-025; 0.531616; 0.216919; 0.49411; 0.251617; 0.747436; 0.000726691; -0.0116737; 0.0297302; 0.0228954; 0.00126727; 0.59375; 807.5
0.544312; 0.664206; 0.0327401; 1.21235; 0.425243; -0.167908; 0.0592497; -0.00905644; -0.0307551; -0.0367591; -0.0262452; -0.0148175; 0.759735; -0.41045; 1.16017; 0.446266; -0.0287313; 0.135145; 1.22118; 1.20343; -0.0735428; 1.28301; -0.0300358; 0.717636; 0.40099; 1.21635; 0.000799977; -0.00254168; -0.0122165; -0.0101173; -0.0003974; 0.65625; 104.5
1.38433; -0.367555; -0.122524; 0.550566; 0.507942; 0.487242; -0.103868; -0.00330247; -0.00265656; -0.000225302; -0.00425509; -0.00708001; 0.724545; -0.114957; -0.0376442; -0.103603; -0.348141; 1.23773; -0.0246962; -0.0726729; 0.897513; 1.09949; -0.404803; 0.95135; 0.654366; 0.0173701; 0.000522495; 0.0234083; 0.0646487; 0.0717113; -0.00125422; 0.65625; 513.5
1.24656; -0.0132238; -0.295636; 1.43619; 0.441717; 0.281399; -0.0578545; 0.0374531; 0.0736825; 0.0664671; -0.0678331; 0.0432331; 0.725714; -0.251238; -1.24168; -0.931046; -0.983812; 1.57682; -0.274218; -0.220854; 1.25635; 1.02106; -0.776561; 0.307568; 0.314271; 0.133091; 0.0639508; 0.0614148; 0.12908; 0.0573712; 0.0182825; 0.65625; 16.5
0.0322699; 0.392867; 1.28262; 0.604881; 0.265825; -0.426854; 0.0788143; -0.00530709; -0.00804739; -0.177614; -0.00190891; -0.00326119; 0.840617; 0.993532; -0.123316; -2.09847e-025; 0.838136; -1.14932; 0.301727; 0.842267; -0.594894; -0.815121; 0.263639; 0.623655; 0.223757; 0.947622; -0.00041; -0.000933282; -0.00203754; 0.0189076; -0.000640837; 0.65625; 221.5
0.260947; -0.224205; 1.47888; 0.105049; -0.0901446; -0.0161186; -1.05732; 0.000359913; -0.0225369; -0.279957; -0.000496678; -0.0128711; 0.771441; 0.844105; 0.229449; 0.166015; 0.914066; -1.01603e-018; 1.06475; 0.0353376; -0.869941; -0.150222; -0.320545; 0.920589; 0.364298; 0.638664; -7.40574e-005; -0.00171679; -0.0175807; -0.0103224; 0.000992229; 0.65625; 224
0.0847338; -0.18204; 1.48762; -0.195809; 0.0465573; -0.13979; -0.938232; -0.0591251; -0.00814168; -0.558418; -0.000921906; -0.0846729; 0.694333; 0.807094; 0.396738; 5.8222e-008; 0.40944; -1.10634; 0.526693; -0.499834; 0.397654; -2.06346e-007; 6.66396e-010; 0.66353; 0.06728; 0.730035; 3.05725e-008; -0.00843668; -0.00395861; -0.0107006; 0.00106984; 0.65625; 31.5
1.25937; 0.800744; 0.485707; 1.19402; 0.599139; -0.770991; 0.493926; -0.0675998; -0.00896227; -0.0958485; -0.068915; -0.0437252; 0.776388; -0.0540909; 1.24321; 0.0106566; -0.376106; -0.122814; 1.48041; 0.538756; -1.06626; 1.17319; -1.24156; 0.633376; 0.286548; 1.42689; -0.00013404; -0.0239704; 0.00811576; 0.027531; 4.42103e-005; 0.65625; 52.5
0.644562; 0.139475; 0.495423; 0.619393; -0.0585386; 1.41332; 0.394539; 0.100686; -0.107813; 0.307649; -0.120599; -0.0309151; 0.770237; -0.708886; 1.1438; -0.209624; -0.0101278; 0.797183; 1.2095; -0.72452; -1.22942; 1.18909; -1.01002; 0.936639; 0.205798; 1.81783; -0.00102788; 0.0243675; -0.021905; -0.0182289; -0.000931246; 0.65625; 62.5
1.29395; -0.0640989; 0.0955405; 0.865714; 0.729233; -0.269581; 1.40323; 0.000821755; -0.0189046; -0.00035309; -0.00207758; -0.000944028; 0.743158; 1.07979; 1.1288; -0.284996; 0.884738; -0.3011; -0.699402; 1.53669; -0.592885; -0.0521662; -0.207033; 1.28563; 0.525562; 1.2968; 0.00356356; 0.0665433; -0.0414578; 0.000810325; -0.000665619; 0.65625; 156
0.680399; -0.372083; 1.1485; -0.157391; -0.0348766; -0.376129; -0.0528251; 0.446831; 0.378148; 0.274439; 0.284191; 0.299518; 0.63791; 0.980189; 1.14469; 0.443925; 0.827871; 0.0578617; 0.177061; 0.0458382; -0.226695; 0.82909; 0.99399; 0.914521; 0.360907; 0.387642; 0.103209; 0.00942433; 0.240926; 0.35345; 0.27013; 0.65625; 64.5
0.866808; 1.40768; 0.141919; 1.0682; 0.876576; -0.454323; 0.392234; 0.110684; 0.00681213; -0.0340277; -0.0758585; 0.0014755; 0.694552; 0.0561781; 0.0173721; -0.61297; 0.251147; -0.0371036; 0.501602; 0.676757; -0.729042; 1.0415; -1.45302; 1.02002; 0.334302; 1.60872; 0.00714135; 0.0472584; 0.0423545; 0.0472574; 0.0489069; 0.65625; 13
0.519084; 0.420921; 0.352216; 0.197382; 0.283126; 0.135524; 0.0254249; -0.0112685; 0.000369618; -0.00113828; 0.000966246; -0.00601842; 0.455014; 0.134482; 0.0777248; -1.13285e-006; 0.18939; -4.43149e-034; 0.0314953; 0.0376293; 0.0285592; -5.42356e-024; 0.047281; 0.281559; 0.0996947; 0.217568; -2.10257e-005; -0.000123291; 0.00251117; 0.00251581; 0.000159304; 0.65625; 2456
0.488183; 0.194088; 0.491679; 0.0283379; 0.113667; -0.062424; -0.102646; -0.00472465; -0.000860294; -0.00201544; 0.00537989; -0.00672213; 0.863007; 1.00084; -0.211622; 1.05347; 1.08789; 1.19177; 1.27125; -0.198748; 0.0356144; 1.20306; 1.10088; 1.12874; 0.461378; 0.854168; -0.000264473; -0.00843515; 0.0245202; 0.023247; -0.000362026; 0.71875; 315
1.19382; 0.296087; 0.180209; 0.730965; 0.462157; -0.273032; 1.2334; 0.0366584; -0.00595756; -0.0704275; -0.0266697; -0.0187765; 0.803763; 1.12956; -0.260628; -0.236587; -0.249559; 1.4187; -0.113059; -0.0205415; -0.324753; -0.125058; 1.1341; 0.855044; 0.463418; 1.16309; -0.000848046; 0.011867; 0.0189497; 0.0103556; 0.000978447; 0.71875; 250.5
0.509127; 0.411281; 0.311975; 0.214624; 0.276496; 0.11796; 0.0690366; 0.00473107; -0.00788421; -0.00383527; 0.0154177; 0.00218282; 0.453531; 0.111519; 0.0531452; -1.25135e-009; 0.13225; -1.27795e-074; -5.7928e-022; 6.5882e-008; -1.14838e-008; 0.0548332; 0.0821236; 0.229669; 0.103714; 0.126192; 7.12389e-005; 0.000252985; 0.00634819; 0.0039411; 9.19653e-005; 0.71875; 3218