1;6;8,16229508196721;27;17,6409836065574;23;0;0;0;0;0;0;0;0;0;0;0;0;0;0;0;0;0;0;0;0;0;0;0;0;0;402
1;7;7,56557377049181;29;17,6983606557377;22;0;0;0;0;0;0;0;0;0;0;0;0;0;0;0;0;0;0;0;0;0;0;0;0;0;427
1;8;2,16610169491525;147;19,4677966101695;21;0;0;0;0;0;0;0;0;0;0;0;0;0;0;0;0;0;0;0;0;0;0;0;0;0;412
2;6;5,46065573770492;46;17,8180327868852;8;0;0;0;0;0;0;0;0;0;0;0;0;0;0;0;0;0;0;0;0;0;0;0;0;0;497
2;7;3,18032786885246;90;17,8639344262295;7;0;0;0;0;0;0;0;0;0;0;0;0;0;0;0;0;0;0;0;0;0;0;0;0;0;441
3;6;10,2409836065574;24;18,5032786885246;4;0;0;0;0;0;0;0;0;0;0;0;0;0;0;0;0;0;0;0;0;0;0;0;0;0;457
3;7;10,455737704918;24;18,4360655737705;3;0;0;0;0;0;0;0;0;0;0;0;0;0;0;0;0;0;0;0;0;0;0;0;0;0;366
3;8;6,32131147540983;64;19,0819672131148;3;0;0;0;0;0;0;0;0;0;0;0;0;0;0;0;0;0;0;0;0;0;0;0;0;0;392
3;0;6,47049180327869;47;20,6081967213115;12;0;0;0;0;0;0;0;0;0;0;0;0;0;0;0;0;0;0;0;0;0;0;0;0;0;359
3;7;4,23114754098361;82;19,6032786885246;9;0;0;0;0;0;0;0;0;0;0;0;0;0;0;0;0;0;0;0;0;0;0;0;0;0;383
3;3;8,85573770491803;24;17,2098360655738;14;0;0;0;0;0;0;0;0;0;0;0;0;0;0;0;0;0;0;0;0;0;0;0;0;0;352
3;4;8,91333333333333;24;16,9716666666667;14;0;0;0;0;0;0;0;0;0;0;0;0;0;0;0;0;0;0;0;0;0;0;0;0;0;425
3;6;7,66885245901639;40;17,3032786885246;6;0;0;0;0;0;0;0;0;0;0;0;0;0;0;0;0;0;0;0;0;0;0;0;0;0;488
3;7;7,01147540983606;42;17,9901639344262;4;0;0;0;0;0;0;0;0;0;0;0;0;0;0;0;0;0;0;0;0;0;0;0;0;0;474
3;4;8,05;18;18,4431034482759;10;0;0;0;0;0;0;0;0;0;0;0;0;0;0;0;0;0;0;0;0;0;0;0;0;0;440
3;6;9,11333333333334;21;17,7116666666667;11;0;0;0;0;0;0;0;0;0;0;0;0;0;0;0;0;0;0;0;0;0;0;0;0;0;401
3;8;10,7950819672131;24;18,6475409836066;12;0;0;0;0;0;0;0;0;0;0;0;0;0;0;0;0;0;0;0;0;0;0;0;0;0;355
3;3;9,75737704918033;28;22,0016393442623;11;0;0;0;0;0;0;0;0;0;0;0;0;0;0;0;0;0;0;0;0;0;0;0;0;0;454
3;4;10,9196721311475;22;21,5213114754098;13;0;0;0;0;0;0;0;0;0;0;0;0;0;0;0;0;0;0;0;0;0;0;0;0;0;409
3;5;11,9081967213115;17;21,2196721311475;13;0;0;0;0;0;0;0;0;0;0;0;0;0;0;0;0;0;0;0;0;0;0;0;0;0;467
3;6;10,8967213114754;15;21,0901639344262;14;0;0;0;0;0;0;0;0;0;0;0;0;0;0;0;0;0;0;0;0;0;0;0;0;0;398
3;8;11,6426229508197;19;20,1065573770492;15;0;0;0;0;0;0;0;0;0;0;0;0;0;0;0;0;0;0;0;0;0;0;0;0;0;445
3;9;9,91147540983606;25;20,1590163934426;15;0;0;0;0;0;0;0;0;0;0;0;0;0;0;0;0;0;0;0;0;0;0;0;0;0;387
4;4;6,36229508196721;49;12,2803278688524;5;0;0;0;0;0;0;0;0;0;0;0;0;0;0;0;0;0;0;0;0;0;0;0;0;0;482
4;6;6,31639344262295;50;12,3508196721311;4;0;0;0;0;0;0;0;0;0;0;0;0;0;0;0;0;0;0;0;0;0;0;0;0;0;390
4;7;6,65901639344262;50;12,5590163934426;4;0;0;0;0;0;0;0;0;0;0;0;0;0;0;0;0;0;0;0;0;0;0;0;0;0;397
4;3;8,35081967213115;30;13,2180327868853;5;0;0;0;0;0;0;0;0;0;0;0;0;0;0;0;0;0;0;0;0;0;0;0;0;0;417
4;7;10,671186440678;25;15,6694915254237;6;0;0;0;0;0;0;0;0;0;0;0;0;0;0;0;0;0;0;0;0;0;0;0;0;0;353
5;5;8,57704918032787;29;10,855737704918;10;0;0;0;0;0;0;0;0;0;0;0;0;0;0;0;0;0;0;0;0;0;0;0;0;0;418
5;6;8,75081967213115;33;10,8409836065574;9;0;0;0;0;0;0;0;0;0;0;0;0;0;0;0;0;0;0;0;0;0;0;0;0;0;459
5;9;8,91475409836066;33;12,9885245901639;8;0;0;0;0;0;0;0;0;0;0;0;0;0;0;0;0;0;0;0;0;0;0;0;0;0;483
5;10;6,10983606557377;55;15,7459016393443;6;0;0;0;0;0;0;0;0;0;0;0;0;0;0;0;0;0;0;0;0;0;0;0;0;0;469
5;2;12,4213114754098;22;13,8737704918033;7;0;0;0;0;0;0;0;0;0;0;0;0;0;0;0;0;0;0;0;0;0;0;0;0;0;399
5;3;12,3868852459016;22;13,8262295081967;7;0;0;0;0;0;0;0;0;0;0;0;0;0;0;0;0;0;0;0;0;0;0;0;0;0;398
5;5;11,127868852459;31;14,0196721311475;4;0;0;0;0;0;0;0;0;0;0;0;0;0;0;0;0;0;0;0;0;0;0;0;0;0;429
5;3;8,14098360655738;46;15,3754098360656;3;0;0;0;0;0;0;0;0;0;0;0;0;0;0;0;0;0;0;0;0;0;0;0;0;0;376
5;4;7,44590163934426;49;10,0770491803279;22;0;0;0;0;0;0;0;0;0;0;0;0;0;0;0;0;0;0;0;0;0;0;0;0;0;360
5;8;6,67213114754098;37;10,8704918032787;25;0;0;0;0;0;0;0;0;0;0;0;0;0;0;0;0;0;0;0;0;0;0;0;0;0;381
6;3;11,416393442623;21;7,00819672131147;16;0;0;0;0;0;0;0;0;0;0;0;0;0;0;0;0;0;0;0;0;0;0;0;0;0;395
6;4;11,2131147540984;20;7,18032786885246;16;0;0;0;0;0;0;0;0;0;0;0;0;0;0;0;0;0;0;0;0;0;0;0;0;0;458
6;8;9,21311475409836;29;6,89016393442623;16;0;0;0;0;0;0;0;0;0;0;0;0;0;0;0;0;0;0;0;0;0;0;0;0;0;447
6;10;8,70983606557377;29;9,24262295081967;14;0;0;0;0;0;0;0;0;0;0;0;0;0;0;0;0;0;0;0;0;0;0;0;0;0;411
6;11;5,93770491803279;107;10,9967213114754;13;0;0;0;0;0;0;0;0;0;0;0;0;0;0;0;0;0;0;0;0;0;0;0;0;0;416
6;3;12,6;28;10,6098360655738;8;0;0;0;0;0;0;0;0;0;0;0;0;0;0;0;0;0;0;0;0;0;0;0;0;0;373
6;4;12,7295081967213;29;10,5819672131148;8;0;0;0;0;0;0;0;0;0;0;0;0;0;0;0;0;0;0;0;0;0;0;0;0;0;365
6;6;13,5114754098361;26;10,5934426229508;7;0;0;0;0;0;0;0;0;0;0;0;0;0;0;0;0;0;0;0;0;0;0;0;0;0;460
6;8;13,4590163934426;25;11,055737704918;7;0;0;0;0;0;0;0;0;0;0;0;0;0;0;0;0;0;0;0;0;0;0;0;0;0;458
6;9;12,7918032786885;24;12,0491803278689;6;0;0;0;0;0;0;0;0;0;0;0;0;0;0;0;0;0;0;0;0;0;0;0;0;0;411
6;10;12,6836065573771;40;9,72131147540984;8;0;0;0;0;0;0;0;0;0;0;0;0;0;0;0;0;0;0;0;0;0;0;0;0;0;379
7;23;8,84754098360655;37;1,87213114754098;10;0;0;0;0;0;0;0;0;0;0;0;0;0;0;0;0;0;0;0;0;0;0;0;0;0;360
7;0;8,67049180327869;43;1,57377049180328;11;0;0;0;0;0;0;0;0;0;0;0;0;0;0;0;0;0;0;0;0;0;0;0;0;0;373
7;2;8,32459016393443;43;1,49344262295082;12;0;0;0;0;0;0;0;0;0;0;0;0;0;0;0;0;0;0;0;0;0;0;0;0;0;354
7;3;9,1;44;1,41475409836066;12;0;0;0;0;0;0;0;0;0;0;0;0;0;0;0;0;0;0;0;0;0;0;0;0;0;401
7;4;8,52295081967213;45;1,2016393442623;12;0;0;0;0;0;0;0;0;0;0;0;0;0;0;0;0;0;0;0;0;0;0;0;0;0;397
7;7;8,34098360655738;47;1,94098360655738;10;0;0;0;0;0;0;0;0;0;0;0;0;0;0;0;0;0;0;0;0;0;0;0;0;0;377
7;5;12,983606557377;17;-2,11639344262295;26;0;0;0;0;0;0;0;0;0;0;0;0;0;0;0;0;0;0;0;0;0;0;0;0;0;400
7;6;12,2360655737705;22;-2,10655737704918;25;0;0;0;0;0;0;0;0;0;0;0;0;0;0;0;0;0;0;0;0;0;0;0;0;0;399
7;7;12,4295081967213;20;-1,45081967213115;21;0;0;0;0;0;0;0;0;0;0;0;0;0;0;0;0;0;0;0;0;0;0;0;0;0;499
7;2;12,6344262295082;30;6,11147540983607;15;0;0;0;0;0;0;0;0;0;0;0;0;0;0;0;0;0;0;0;0;0;0;0;0;0;401
7;3;12,8655737704918;32;6,24754098360656;15;0;0;0;0;0;0;0;0;0;0;0;0;0;0;0;0;0;0;0;0;0;0;0;0;0;385
7;5;13,1704918032787;28;6,48852459016394;15;0;0;0;0;0;0;0;0;0;0;0;0;0;0;0;0;0;0;0;0;0;0;0;0;0;361
7;6;13,2622950819672;30;6,71803278688525;14;0;0;0;0;0;0;0;0;0;0;0;0;0;0;0;0;0;0;0;0;0;0;0;0;0;379
7;7;14,3754098360656;27;7,01475409836066;13;0;0;0;0;0;0;0;0;0;0;0;0;0;0;0;0;0;0;0;0;0;0;0;0;0;479
7;9;11,9147540983607;29;8,70491803278689;12;0;0;0;0;0;0;0;0;0;0;0;0;0;0;0;0;0;0;0;0;0;0;0;0;0;394
7;23;7,95409836065574;47;9,11639344262295;14;0;0;0;0;0;0;0;0;0;0;0;0;0;0;0;0;0;0;0;0;0;0;0;0;0;357
8;11;2,02295081967213;203;10,3065573770492;8;0;0;0;0;0;0;0;0;0;0;0;0;0;0;0;0;0;0;0;0;0;0;0;0;0;400
9;7;13,0524590163934;25;5,18688524590164;21;0;0;0;0;0;0;0;0;0;0;0;0;0;0;0;0;0;0;0;0;0;0;0;0;0;358
9;8;12,4459016393443;25;5,68524590163934;21;0;0;0;0;0;0;0;0;0;0;0;0;0;0;0;0;0;0;0;0;0;0;0;0;0;355
9;8;11,7216666666667;30;12,045;10;0;0;0;0;0;0;0;0;0;0;0;0;0;0;0;0;0;0;0;0;0;0;0;0;0;392
9;9;9,72881355932203;31;14,4169491525424;9;0;0;0;0;0;0;0;0;0;0;0;0;0;0;0;0;0;0;0;0;0;0;0;0;0;368
10;8;9,2688524590164;25;8,70491803278689;14;0;0;0;0;0;0;0;0;0;0;0;0;0;0;0;0;0;0;0;0;0;0;0;0;0;401
10;5;9,8327868852459;27;9,40163934426229;9;0;0;0;0;0;0;0;0;0;0;0;0;0;0;0;0;0;0;0;0;0;0;0;0;0;358
10;6;10,755737704918;24;9,52950819672132;9;0;0;0;0;0;0;0;0;0;0;0;0;0;0;0;0;0;0;0;0;0;0;0;0;0;435
10;7;10,0016393442623;25;9,68196721311475;9;0;0;0;0;0;0;0;0;0;0;0;0;0;0;0;0;0;0;0;0;0;0;0;0;0;470
10;8;7,49344262295082;28;11,3918032786885;9;0;0;0;0;0;0;0;0;0;0;0;0;0;0;0;0;0;0;0;0;0;0;0;0;0;473
10;7;4,45573770491803;117;11,6311475409836;10;0;0;0;0;0;0;0;0;0;0;0;0;0;0;0;0;0;0;0;0;0;0;0;0;0;360
11;6;10,9213114754098;30;6,12622950819672;16;0;0;0;0;0;0;0;0;0;0;0;0;0;0;0;0;0;0;0;0;0;0;0;0;0;361
12;6;8,41818181818182;28;12,6472727272727;9;0;0;0;0;0;0;0;0;0;0;0;0;0;0;0;0;0;0;0;0;0;0;0;0;0;408
12;7;6,72033898305085;45;12,864406779661;9;0;0;0;0;0;0;0;0;0;0;0;0;0;0;0;0;0;0;0;0;0;0;0;0;0;439
1;1;3,75245901639344;178;18,6573770491803;33;0;0;0;0;0;0;0;0;0;0;0;0;0;0;0;0;0;0;0;0;0;0;0;0;0;409
2;6;10,0491803278689;28;18,0704918032787;4;0;0;0;0;0;0;0;0;0;0;0;0;0;0;0;0;0;0;0;0;0;0;0;0;0;364
3;18;3,23770491803279;233;16,4672131147541;32;0;0;0;0;0;0;0;0;0;0;0;0;0;0;0;0;0;0;0;0;0;0;0;0;0;428
3;6;9,52131147540984;33;14,6606557377049;10;0;0;0;0;0;0;0;0;0;0;0;0;0;0;0;0;0;0;0;0;0;0;0;0;0;371
3;7;9,13934426229509;34;14,6622950819672;9;0;0;0;0;0;0;0;0;0;0;0;0;0;0;0;0;0;0;0;0;0;0;0;0;0;456
3;8;7,51311475409836;46;14,4229508196721;7;0;0;0;0;0;0;0;0;0;0;0;0;0;0;0;0;0;0;0;0;0;0;0;0;0;467
4;9;6,99508196721312;42;14,6245901639344;5;0;0;0;0;0;0;0;0;0;0;0;0;0;0;0;0;0;0;0;0;0;0;0;0;0;387
4;9;6,72459016393443;56;13,3327868852459;7;0;0;0;0;0;0;0;0;0;0;0;0;0;0;0;0;0;0;0;0;0;0;0;0;0;403
4;8;10,7508196721311;35;16,6918032786885;26;0;0;0;0;0;0;0;0;0;0;0;0;0;0;0;0;0;0;0;0;0;0;0;0;0;395
4;8;10,4704918032787;37;11,6016393442623;5;0;0;0;0;0;0;0;0;0;0;0;0;0;0;0;0;0;0;0;0;0;0;0;0;0;401
4;8;9,60491803278689;31;11,3754098360656;9;0;0;0;0;0;0;0;0;0;0;0;0;0;0;0;0;0;0;0;0;0;0;0;0;0;354
4;7;8,26065573770492;45;12,8131147540984;7;0;0;0;0;0;0;0;0;0;0;0;0;0;0;0;0;0;0;0;0;0;0;0;0;0;439
4;8;7,64426229508197;44;12,6967213114754;7;0;0;0;0;0;0;0;0;0;0;0;0;0;0;0;0;0;0;0;0;0;0;0;0;0;440
4;9;7,31803278688525;51;12,6131147540984;7;0;0;0;0;0;0;0;0;0;0;0;0;0;0;0;0;0;0;0;0;0;0;0;0;0;406
4;10;6,15409836065574;56;14,9639344262295;6;0;0;0;0;0;0;0;0;0;0;0;0;0;0;0;0;0;0;0;0;0;0;0;0;0;421
4;4;7,87213114754098;50;14,6393442622951;3;0;0;0;0;0;0;0;0;0;0;0;0;0;0;0;0;0;0;0;0;0;0;0;0;0;385
4;7;8,62131147540983;49;14,4163934426229;4;0;0;0;0;0;0;0;0;0;0;0;0;0;0;0;0;0;0;0;0;0;0;0;0;0;372
4;8;8,7672131147541;48;14,4967213114754;4;0;0;0;0;0;0;0;0;0;0;0;0;0;0;0;0;0;0;0;0;0;0;0;0;0;401
4;9;8,89508196721311;53;14,5622950819672;4;0;0;0;0;0;0;0;0;0;0;0;0;0;0;0;0;0;0;0;0;0;0;0;0;0;426
4;10;6,77213114754098;52;16,7180327868852;4;0;0;0;0;0;0;0;0;0;0;0;0;0;0;0;0;0;0;0;0;0;0;0;0;0;366
5;5;11,355;25;9,22;20;0;0;0;0;0;0;0;0;0;0;0;0;0;0;0;0;0;0;0;0;0;0;0;0;0;426
5;7;12,2051724137931;26;8,5155172413793;21;0;0;0;0;0;0;0;0;0;0;0;0;0;0;0;0;0;0;0;0;0;0;0;0;0;385
5;8;12,4147540983607;28;8,12786885245901;22;0;0;0;0;0;0;0;0;0;0;0;0;0;0;0;0;0;0;0;0;0;0;0;0;0;366
5;9;13,0551724137931;28;8,09137931034483;23;0;0;0;0;0;0;0;0;0;0;0;0;0;0;0;0;0;0;0;0;0;0;0;0;0;435
5;10;13,7933333333333;26;9,40666666666667;22;0;0;0;0;0;0;0;0;0;0;0;0;0;0;0;0;0;0;0;0;0;0;0;0;0;428
5;8;11,2131147540984;33;10,4655737704918;7;0;0;0;0;0;0;0;0;0;0;0;0;0;0;0;0;0;0;0;0;0;0;0;0;0;379
5;9;9,90163934426229;46;10,5180327868852;7;0;0;0;0;0;0;0;0;0;0;0;0;0;0;0;0;0;0;0;0;0;0;0;0;0;375
5;10;8,92131147540984;51;12,0704918032787;6;0;0;0;0;0;0;0;0;0;0;0;0;0;0;0;0;0;0;0;0;0;0;0;0;0;494
5;11;4,57213114754098;81;15,0344262295082;4;0;0;0;0;0;0;0;0;0;0;0;0;0;0;0;0;0;0;0;0;0;0;0;0;0;416
5;6;11,9016393442623;31;13,2327868852459;4;0;0;0;0;0;0;0;0;0;0;0;0;0;0;0;0;0;0;0;0;0;0;0;0;0;483
5;7;12,0393442622951;30;13,1360655737705;3;0;0;0;0;0;0;0;0;0;0;0;0;0;0;0;0;0;0;0;0;0;0;0;0;0;470
5;8;11,6934426229508;29;13,5803278688525;3;0;0;0;0;0;0;0;0;0;0;0;0;0;0;0;0;0;0;0;0;0;0;0;0;0;406
5;10;7,9311475409836;40;14,9819672131147;2;0;0;0;0;0;0;0;0;0;0;0;0;0;0;0;0;0;0;0;0;0;0;0;0;0;410
5;11;5,66885245901639;37;17,3688524590164;1;0;0;0;0;0;0;0;0;0;0;0;0;0;0;0;0;0;0;0;0;0;0;0;0;0;451
5;7;9,39836065573771;53;14,7606557377049;3;0;0;0;0;0;0;0;0;0;0;0;0;0;0;0;0;0;0;0;0;0;0;0;0;0;403
5;2;9,42131147540984;35;14,6229508196722;11;0;0;0;0;0;0;0;0;0;0;0;0;0;0;0;0;0;0;0;0;0;0;0;0;0;375
5;3;8,06065573770492;36;14,4918032786885;6;0;0;0;0;0;0;0;0;0;0;0;0;0;0;0;0;0;0;0;0;0;0;0;0;0;419
5;4;3,85245901639344;105;13,6213114754098;7;0;0;0;0;0;0;0;0;0;0;0;0;0;0;0;0;0;0;0;0;0;0;0;0;0;404
5;8;4,3655737704918;109;14,0885245901639;8;0;0;0;0;0;0;0;0;0;0;0;0;0;0;0;0;0;0;0;0;0;0;0;0;0;439
5;2;10,1016393442623;37;5,24590163934426;22;0;0;0;0;0;0;0;0;0;0;0;0;0;0;0;0;0;0;0;0;0;0;0;0;0;412
6;7;5,14590163934426;41;6,62786885245902;25;0;0;0;0;0;0;0;0;0;0;0;0;0;0;0;0;0;0;0;0;0;0;0;0;0;382
6;9;5,7672131147541;52;8,40819672131147;26;0;0;0;0;0;0;0;0;0;0;0;0;0;0;0;0;0;0;0;0;0;0;0;0;0;382
6;10;10,0754098360656;34;10,3459016393443;10;0;0;0;0;0;0;0;0;0;0;0;0;0;0;0;0;0;0;0;0;0;0;0;0;0;370
6;8;7,08196721311476;48;5,58032786885246;22;0;0;0;0;0;0;0;0;0;0;0;0;0;0;0;0;0;0;0;0;0;0;0;0;0;458
6;10;9,03898305084746;50;6,53050847457627;15;0;0;0;0;0;0;0;0;0;0;0;0;0;0;0;0;0;0;0;0;0;0;0;0;0;357
6;11;6,19298245614035;46;7,72456140350877;16;0;0;0;0;0;0;0;0;0;0;0;0;0;0;0;0;0;0;0;0;0;0;0;0;0;398
6;20;13,8440677966102;41;5,96610169491525;12;0;0;0;0;0;0;0;0;0;0;0;0;0;0;0;0;0;0;0;0;0;0;0;0;0;466
6;23;14,8305084745763;36;5,91864406779661;11;0;0;0;0;0;0;0;0;0;0;0;0;0;0;0;0;0;0;0;0;0;0;0;0;0;437
6;0;15,1527272727273;38;5,61454545454546;12;0;0;0;0;0;0;0;0;0;0;0;0;0;0;0;0;0;0;0;0;0;0;0;0;0;402
6;1;16,1854545454545;33;5,89454545454546;10;0;0;0;0;0;0;0;0;0;0;0;0;0;0;0;0;0;0;0;0;0;0;0;0;0;434
6;2;16,0298245614035;34;5,8140350877193;10;0;0;0;0;0;0;0;0;0;0;0;0;0;0;0;0;0;0;0;0;0;0;0;0;0;437
6;3;15,2277777777778;36;5,65555555555556;11;0;0;0;0;0;0;0;0;0;0;0;0;0;0;0;0;0;0;0;0;0;0;0;0;0;384
6;4;15,5578947368421;37;5,90350877192983;10;0;0;0;0;0;0;0;0;0;0;0;0;0;0;0;0;0;0;0;0;0;0;0;0;0;406
6;21;11,2049180327869;43;7,17540983606558;12;0;0;0;0;0;0;0;0;0;0;0;0;0;0;0;0;0;0;0;0;0;0;0;0;0;385
6;22;9,39016393442623;49;6,95081967213115;13;0;0;0;0;0;0;0;0;0;0;0;0;0;0;0;0;0;0;0;0;0;0;0;0;0;366
6;4;0,4;61;5,07049180327869;14;0;0;0;0;0;0;0;0;0;0;0;0;0;0;0;0;0;0;0;0;0;0;0;0;0;366
6;5;0,4;62;4,86557377049181;14;0;0;0;0;0;0;0;0;0;0;0;0;0;0;0;0;0;0;0;0;0;0;0;0;0;402
6;8;0,4;60;4,94590163934426;13;0;0;0;0;0;0;0;0;0;0;0;0;0;0;0;0;0;0;0;0;0;0;0;0;0;402
7;4;8,10819672131147;60;8,72459016393442;10;0;0;0;0;0;0;0;0;0;0;0;0;0;0;0;0;0;0;0;0;0;0;0;0;0;359
7;8;9,90491803278688;57;8,7;9;0;0;0;0;0;0;0;0;0;0;0;0;0;0;0;0;0;0;0;0;0;0;0;0;0;494
7;9;10,6;57;9,28360655737705;9;0;0;0;0;0;0;0;0;0;0;0;0;0;0;0;0;0;0;0;0;0;0;0;0;0;454
7;8;3,40983606557377;60;-1,56065573770492;20;0;0;0;0;0;0;0;0;0;0;0;0;0;0;0;0;0;0;0;0;0;0;0;0;0;399
7;3;12,044262295082;40;9,99344262295082;15;0;0;0;0;0;0;0;0;0;0;0;0;0;0;0;0;0;0;0;0;0;0;0;0;0;374
7;7;9,28032786885246;51;8,95245901639344;8;0;0;0;0;0;0;0;0;0;0;0;0;0;0;0;0;0;0;0;0;0;0;0;0;0;356
7;8;8,65573770491804;50;8,8672131147541;9;0;0;0;0;0;0;0;0;0;0;0;0;0;0;0;0;0;0;0;0;0;0;0;0;0;393
7;9;8,63770491803279;50;9,77540983606558;9;0;0;0;0;0;0;0;0;0;0;0;0;0;0;0;0;0;0;0;0;0;0;0;0;0;371
7;10;8,47540983606557;39;11,6934426229508;8;0;0;0;0;0;0;0;0;0;0;0;0;0;0;0;0;0;0;0;0;0;0;0;0;0;380
8;8;6,54590163934426;52;5,01803278688525;11;0;0;0;0;0;0;0;0;0;0;0;0;0;0;0;0;0;0;0;0;0;0;0;0;0;357
8;6;12,6016393442623;53;0,344262295081967;24;0;0;0;0;0;0;0;0;0;0;0;0;0;0;0;0;0;0;0;0;0;0;0;0;0;494
8;7;13,1524590163934;44;0,20655737704918;25;0;0;0;0;0;0;0;0;0;0;0;0;0;0;0;0;0;0;0;0;0;0;0;0;0;485
8;8;12,5770491803279;46;0,422950819672131;24;0;0;0;0;0;0;0;0;0;0;0;0;0;0;0;0;0;0;0;0;0;0;0;0;0;448
8;9;11,5786885245902;49;2,29344262295082;22;0;0;0;0;0;0;0;0;0;0;0;0;0;0;0;0;0;0;0;0;0;0;0;0;0;411
8;10;10,6918032786885;42;4,08032786885246;21;0;0;0;0;0;0;0;0;0;0;0;0;0;0;0;0;0;0;0;0;0;0;0;0;0;364
8;4;13,7836363636364;37;1,72545454545455;19;0;0;0;0;0;0;0;0;0;0;0;0;0;0;0;0;0;0;0;0;0;0;0;0;0;370
8;5;12,7377358490566;40;1,46037735849057;20;0;0;0;0;0;0;0;0;0;0;0;0;0;0;0;0;0;0;0;0;0;0;0;0;0;414
8;6;12,2779661016949;39;1,54406779661017;19;0;0;0;0;0;0;0;0;0;0;0;0;0;0;0;0;0;0;0;0;0;0;0;0;0;390
8;8;10,9877192982456;46;2,11228070175439;18;0;0;0;0;0;0;0;0;0;0;0;0;0;0;0;0;0;0;0;0;0;0;0;0;0;463
8;9;10,0916666666667;50;2,62833333333333;17;0;0;0;0;0;0;0;0;0;0;0;0;0;0;0;0;0;0;0;0;0;0;0;0;0;376
8;10;8,52459016393443;55;4,56229508196721;16;0;0;0;0;0;0;0;0;0;0;0;0;0;0;0;0;0;0;0;0;0;0;0;0;0;374
8;6;10,2491803278688;51;2,37868852459016;12;0;0;0;0;0;0;0;0;0;0;0;0;0;0;0;0;0;0;0;0;0;0;0;0;0;363
8;7;9,37704918032787;50;2,24098360655738;12;0;0;0;0;0;0;0;0;0;0;0;0;0;0;0;0;0;0;0;0;0;0;0;0;0;393
8;8;9,7;51;2,39836065573771;10;0;0;0;0;0;0;0;0;0;0;0;0;0;0;0;0;0;0;0;0;0;0;0;0;0;381
8;9;9,9;46;2,90655737704918;10;0;0;0;0;0;0;0;0;0;0;0;0;0;0;0;0;0;0;0;0;0;0;0;0;0;419
8;10;9,38524590163934;50;4,29180327868852;11;0;0;0;0;0;0;0;0;0;0;0;0;0;0;0;0;0;0;0;0;0;0;0;0;0;482
8;11;7,28032786885246;45;6,0344262295082;13;0;0;0;0;0;0;0;0;0;0;0;0;0;0;0;0;0;0;0;0;0;0;0;0;0;451
8;0;7,49016393442623;53;5,48360655737705;14;0;0;0;0;0;0;0;0;0;0;0;0;0;0;0;0;0;0;0;0;0;0;0;0;0;371
8;1;7,49672131147541;49;5,47377049180328;16;0;0;0;0;0;0;0;0;0;0;0;0;0;0;0;0;0;0;0;0;0;0;0;0;0;400
8;2;8,18032786885246;48;5,71147540983606;16;0;0;0;0;0;0;0;0;0;0;0;0;0;0;0;0;0;0;0;0;0;0;0;0;0;385
8;4;7,78852459016394;52;6,50819672131147;18;0;0;0;0;0;0;0;0;0;0;0;0;0;0;0;0;0;0;0;0;0;0;0;0;0;379
8;6;11,4934426229508;45;7,3344262295082;18;0;0;0;0;0;0;0;0;0;0;0;0;0;0;0;0;0;0;0;0;0;0;0;0;0;459
8;8;12,8081967213115;39;8,05901639344262;21;0;0;0;0;0;0;0;0;0;0;0;0;0;0;0;0;0;0;0;0;0;0;0;0;0;415
8;16;8,5344262295082;43;9,61311475409837;17;0;0;0;0;0;0;0;0;0;0;0;0;0;0;0;0;0;0;0;0;0;0;0;0;0;482
8;3;3,6672131147541;143;-1,99344262295082;80;0;0;0;0;0;0;0;0;0;0;0;0;0;0;0;0;0;0;0;0;0;0;0;0;0;485
8;7;9,86229508196721;57;1,74754098360656;11;0;0;0;0;0;0;0;0;0;0;0;0;0;0;0;0;0;0;0;0;0;0;0;0;0;405
8;5;9,58360655737705;47;9,82131147540983;15;0;0;0;0;0;0;0;0;0;0;0;0;0;0;0;0;0;0;0;0;0;0;0;0;0;357
8;7;9,18688524590164;46;10,4475409836066;14;0;0;0;0;0;0;0;0;0;0;0;0;0;0;0;0;0;0;0;0;0;0;0;0;0;403
8;8;10,7426229508197;41;11,2311475409836;13;0;0;0;0;0;0;0;0;0;0;0;0;0;0;0;0;0;0;0;0;0;0;0;0;0;403
8;9;8,00819672131148;50;11,9131147540984;12;0;0;0;0;0;0;0;0;0;0;0;0;0;0;0;0;0;0;0;0;0;0;0;0;0;356
9;10;7,75081967213115;41;4,51311475409836;8;0;0;0;0;0;0;0;0;0;0;0;0;0;0;0;0;0;0;0;0;0;0;0;0;0;395
9;12;7,93684210526316;54;11,1157894736842;22;0;0;0;0;0;0;0;0;0;0;0;0;0;0;0;0;0;0;0;0;0;0;0;0;0;360
9;6;14,3426229508197;35;14,4803278688525;10;0;0;0;0;0;0;0;0;0;0;0;0;0;0;0;0;0;0;0;0;0;0;0;0;0;382
9;7;14,0655737704918;33;14,8344262295082;10;0;0;0;0;0;0;0;0;0;0;0;0;0;0;0;0;0;0;0;0;0;0;0;0;0;411
10;7;13,0868852459016;32;12,3901639344262;10;0;0;0;0;0;0;0;0;0;0;0;0;0;0;0;0;0;0;0;0;0;0;0;0;0;421
10;8;12,8754098360656;33;12,4147540983607;10;0;0;0;0;0;0;0;0;0;0;0;0;0;0;0;0;0;0;0;0;0;0;0;0;0;385
10;15;3,4655737704918;234;17,3606557377049;26;0;0;0;0;0;0;0;0;0;0;0;0;0;0;0;0;0;0;0;0;0;0;0;0;0;435
11;5;10,4459016393443;39;15,4049180327869;5;0;0;0;0;0;0;0;0;0;0;0;0;0;0;0;0;0;0;0;0;0;0;0;0;0;445
11;6;12,2524590163934;31;16,7688524590164;10;0;0;0;0;0;0;0;0;0;0;0;0;0;0;0;0;0;0;0;0;0;0;0;0;0;435
11;7;7,28360655737705;83;16,7213114754098;10;0;0;0;0;0;0;0;0;0;0;0;0;0;0;0;0;0;0;0;0;0;0;0;0;0;414
11;7;8,29016393442623;48;11,6918032786885;6;0;0;0;0;0;0;0;0;0;0;0;0;0;0;0;0;0;0;0;0;0;0;0;0;0;405
11;3;6,77049180327869;51;7,79508196721312;18;0;0;0;0;0;0;0;0;0;0;0;0;0;0;0;0;0;0;0;0;0;0;0;0;0;376
11;4;7,70491803278689;57;7,64098360655738;18;0;0;0;0;0;0;0;0;0;0;0;0;0;0;0;0;0;0;0;0;0;0;0;0;0;372
11;7;5,40819672131148;88;18,5934426229508;4;0;0;0;0;0;0;0;0;0;0;0;0;0;0;0;0;0;0;0;0;0;0;0;0;0;464
11;3;5,00819672131147;50;17,5819672131148;6;0;0;0;0;0;0;0;0;0;0;0;0;0;0;0;0;0;0;0;0;0;0;0;0;0;375
11;7;2,15409836065574;110;16,3786885245902;7;0;0;0;0;0;0;0;0;0;0;0;0;0;0;0;0;0;0;0;0;0;0;0;0;0;365
12;8;1,88032786885246;155;17,4704918032787;5;0;0;0;0;0;0;0;0;0;0;0;0;0;0;0;0;0;0;0;0;0;0;0;0;0;375
3;5;7,06885245901639;50;18,4147540983607;18;0;0;0;0;0;0;0;0;0;0;0;0;0;0;0;0;0;0;0;0;0;0;0;0;0;353
3;7;9,80819672131148;40;18,1983606557377;18;0;0;0;0;0;0;0;0;0;0;0;0;0;0;0;0;0;0;0;0;0;0;0;0;0;413
3;8;9,5311475409836;42;18,0213114754098;18;0;0;0;0;0;0;0;0;0;0;0;0;0;0;0;0;0;0;0;0;0;0;0;0;0;365
4;6;6,51639344262295;58;14,0426229508197;4;0;0;0;0;0;0;0;0;0;0;0;0;0;0;0;0;0;0;0;0;0;0;0;0;0;355
4;7;6,71311475409836;60;14,0672131147541;4;0;0;0;0;0;0;0;0;0;0;0;0;0;0;0;0;0;0;0;0;0;0;0;0;0;460
4;9;7,01967213114754;58;14,5245901639344;3;0;0;0;0;0;0;0;0;0;0;0;0;0;0;0;0;0;0;0;0;0;0;0;0;0;476
5;8;9,9864406779661;66;12,0694915254237;12;0;0;0;0;0;0;0;0;0;0;0;0;0;0;0;0;0;0;0;0;0;0;0;0;0;371
5;3;8,31896551724138;60;12,7827586206896;12;0;0;0;0;0;0;0;0;0;0;0;0;0;0;0;0;0;0;0;0;0;0;0;0;0;393
5;12;1,82459016393443;234;21,9688524590164;7;0;0;0;0;0;0;0;0;0;0;0;0;0;0;0;0;0;0;0;0;0;0;0;0;0;440
5;8;7,17868852459017;61;10,0983606557377;20;0;0;0;0;0;0;0;0;0;0;0;0;0;0;0;0;0;0;0;0;0;0;0;0;0;353
5;7;2,26065573770492;170;10,7180327868852;20;0;0;0;0;0;0;0;0;0;0;0;0;0;0;0;0;0;0;0;0;0;0;0;0;0;423
5;13;7,63606557377049;59;12,7049180327869;15;0;0;0;0;0;0;0;0;0;0;0;0;0;0;0;0;0;0;0;0;0;0;0;0;0;356
6;22;10,0311475409836;38;7,09344262295082;8;0;0;0;0;0;0;0;0;0;0;0;0;0;0;0;0;0;0;0;0;0;0;0;0;0;403
6;23;10,1983606557377;41;6,8344262295082;8;0;0;0;0;0;0;0;0;0;0;0;0;0;0;0;0;0;0;0;0;0;0;0;0;0;403
6;8;8,85737704918033;49;5,89180327868853;10;0;0;0;0;0;0;0;0;0;0;0;0;0;0;0;0;0;0;0;0;0;0;0;0;0;430
6;9;8,34754098360656;42;7,14754098360656;10;0;0;0;0;0;0;0;0;0;0;0;0;0;0;0;0;0;0;0;0;0;0;0;0;0;411
6;3;7,54754098360656;54;6,58032786885246;9;0;0;0;0;0;0;0;0;0;0;0;0;0;0;0;0;0;0;0;0;0;0;0;0;0;386
6;4;7,80983606557377;62;6,29672131147541;9;0;0;0;0;0;0;0;0;0;0;0;0;0;0;0;0;0;0;0;0;0;0;0;0;0;443
6;5;8,6327868852459;56;6,32131147540984;8;0;0;0;0;0;0;0;0;0;0;0;0;0;0;0;0;0;0;0;0;0;0;0;0;0;366
6;6;8,91311475409836;51;6,35245901639344;8;0;0;0;0;0;0;0;0;0;0;0;0;0;0;0;0;0;0;0;0;0;0;0;0;0;362
6;9;11,7426229508197;36;7,2016393442623;7;0;0;0;0;0;0;0;0;0;0;0;0;0;0;0;0;0;0;0;0;0;0;0;0;0;416
6;10;11,7524590163934;34;8,31967213114754;7;0;0;0;0;0;0;0;0;0;0;0;0;0;0;0;0;0;0;0;0;0;0;0;0;0;376
6;2;11,2081967213115;38;8,69672131147541;11;0;0;0;0;0;0;0;0;0;0;0;0;0;0;0;0;0;0;0;0;0;0;0;0;0;351
7;1;9,58524590163934;45;3,85901639344262;18;0;0;0;0;0;0;0;0;0;0;0;0;0;0;0;0;0;0;0;0;0;0;0;0;0;355
7;2;9,40983606557377;56;3,8360655737705;17;0;0;0;0;0;0;0;0;0;0;0;0;0;0;0;0;0;0;0;0;0;0;0;0;0;459
7;4;8,41311475409836;56;4,45245901639344;14;0;0;0;0;0;0;0;0;0;0;0;0;0;0;0;0;0;0;0;0;0;0;0;0;0;466
7;5;6,84754098360656;55;4,44918032786885;14;0;0;0;0;0;0;0;0;0;0;0;0;0;0;0;0;0;0;0;0;0;0;0;0;0;390
7;3;7,78196721311476;62;5,93114754098361;18;0;0;0;0;0;0;0;0;0;0;0;0;0;0;0;0;0;0;0;0;0;0;0;0;0;375
7;4;7,1344262295082;69;5,95737704918033;19;0;0;0;0;0;0;0;0;0;0;0;0;0;0;0;0;0;0;0;0;0;0;0;0;0;375
7;8;7,17704918032787;65;5,37377049180328;19;0;0;0;0;0;0;0;0;0;0;0;0;0;0;0;0;0;0;0;0;0;0;0;0;0;488
7;3;8,2;48;6,56065573770492;11;0;0;0;0;0;0;0;0;0;0;0;0;0;0;0;0;0;0;0;0;0;0;0;0;0;419
7;6;10,6344262295082;42;6,9655737704918;11;0;0;0;0;0;0;0;0;0;0;0;0;0;0;0;0;0;0;0;0;0;0;0;0;0;453
7;7;9,84262295081967;42;7,38688524590164;12;0;0;0;0;0;0;0;0;0;0;0;0;0;0;0;0;0;0;0;0;0;0;0;0;0;464
7;2;7,98032786885246;44;7,51967213114754;15;0;0;0;0;0;0;0;0;0;0;0;0;0;0;0;0;0;0;0;0;0;0;0;0;0;465
7;4;10,3622950819672;42;7,68524590163934;13;0;0;0;0;0;0;0;0;0;0;0;0;0;0;0;0;0;0;0;0;0;0;0;0;0;440
7;5;10,0967213114754;49;7,48688524590163;13;0;0;0;0;0;0;0;0;0;0;0;0;0;0;0;0;0;0;0;0;0;0;0;0;0;449
7;6;10,7081967213115;46;7,49016393442623;12;0;0;0;0;0;0;0;0;0;0;0;0;0;0;0;0;0;0;0;0;0;0;0;0;0;485
7;7;11,3245901639344;51;7,87049180327869;11;0;0;0;0;0;0;0;0;0;0;0;0;0;0;0;0;0;0;0;0;0;0;0;0;0;488
7;9;10,3918032786885;56;9,09672131147541;9;0;0;0;0;0;0;0;0;0;0;0;0;0;0;0;0;0;0;0;0;0;0;0;0;0;494
7;2;13,7590163934426;41;12,3344262295082;10;0;0;0;0;0;0;0;0;0;0;0;0;0;0;0;0;0;0;0;0;0;0;0;0;0;474
7;3;13,9426229508197;40;13,0688524590164;9;0;0;0;0;0;0;0;0;0;0;0;0;0;0;0;0;0;0;0;0;0;0;0;0;0;443
7;4;11,6934426229508;47;12,944262295082;9;0;0;0;0;0;0;0;0;0;0;0;0;0;0;0;0;0;0;0;0;0;0;0;0;0;353
7;6;12,6262295081967;41;12,644262295082;9;0;0;0;0;0;0;0;0;0;0;0;0;0;0;0;0;0;0;0;0;0;0;0;0;0;354
7;8;10,5967213114754;38;9,01803278688525;11;0;0;0;0;0;0;0;0;0;0;0;0;0;0;0;0;0;0;0;0;0;0;0;0;0;391
7;0;7,42622950819672;58;9,73114754098361;12;0;0;0;0;0;0;0;0;0;0;0;0;0;0;0;0;0;0;0;0;0;0;0;0;0;361
8;9;7,01967213114754;58;7,96229508196721;12;0;0;0;0;0;0;0;0;0;0;0;0;0;0;0;0;0;0;0;0;0;0;0;0;0;384
8;23;10,5524590163934;45;6,27377049180328;8;0;0;0;0;0;0;0;0;0;0;0;0;0;0;0;0;0;0;0;0;0;0;0;0;0;423
8;0;9,23934426229508;49;6,38852459016393;9;0;0;0;0;0;0;0;0;0;0;0;0;0;0;0;0;0;0;0;0;0;0;0;0;0;445
8;6;9,48196721311475;50;7,4;8;0;0;0;0;0;0;0;0;0;0;0;0;0;0;0;0;0;0;0;0;0;0;0;0;0;434
8;7;8,08688524590164;60;7,45081967213115;8;0;0;0;0;0;0;0;0;0;0;0;0;0;0;0;0;0;0;0;0;0;0;0;0;0;482
9;16;4,31803278688525;171;7,36229508196721;25;0;0;0;0;0;0;0;0;0;0;0;0;0;0;0;0;0;0;0;0;0;0;0;0;0;443
9;6;7,94262295081967;55;7,18360655737705;15;0;0;0;0;0;0;0;0;0;0;0;0;0;0;0;0;0;0;0;0;0;0;0;0;0;445
9;8;10,0737704918033;48;11,7704918032787;11;0;0;0;0;0;0;0;0;0;0;0;0;0;0;0;0;0;0;0;0;0;0;0;0;0;358
9;3;11,2131147540984;45;13,8901639344262;15;0;0;0;0;0;0;0;0;0;0;0;0;0;0;0;0;0;0;0;0;0;0;0;0;0;376
9;7;7,41967213114754;44;13,3295081967213;13;0;0;0;0;0;0;0;0;0;0;0;0;0;0;0;0;0;0;0;0;0;0;0;0;0;421
9;8;8,75901639344262;53;14,0786885245902;10;0;0;0;0;0;0;0;0;0;0;0;0;0;0;0;0;0;0;0;0;0;0;0;0;0;484
10;6;7,11803278688525;53;10,416393442623;9;0;0;0;0;0;0;0;0;0;0;0;0;0;0;0;0;0;0;0;0;0;0;0;0;0;417
12;7;4,42622950819672;61;14,555737704918;8;0;0;0;0;0;0;0;0;0;0;0;0;0;0;0;0;0;0;0;0;0;0;0;0;0;421
1;6;6,43114754098361;36;18,9852459016393;15;0;0;0;0;0;0;0;0;0;0;0;0;0;0;0;0;0;0;0;0;0;0;0;0;0;436
1;7;6,01166666666667;43;18,9133333333333;17;0;0;0;0;0;0;0;0;0;0;0;0;0;0;0;0;0;0;0;0;0;0;0;0;0;385
3;6;8,51311475409836;44;13,5606557377049;10;0;0;0;0;0;0;0;0;0;0;0;0;0;0;0;0;0;0;0;0;0;0;0;0;0;357
3;6;9,0406779661017;34;15,8220338983051;25;0;0;0;0;0;0;0;0;0;0;0;0;0;0;0;0;0;0;0;0;0;0;0;0;0;384
3;7;10,0704918032787;32;15,6524590163935;26;0;0;0;0;0;0;0;0;0;0;0;0;0;0;0;0;0;0;0;0;0;0;0;0;0;443
3;14;2,70333333333333;230;23,4933333333333;15;0;0;0;0;0;0;0;0;0;0;0;0;0;0;0;0;0;0;0;0;0;0;0;0;0;353
3;20;1,31967213114754;42;17,3573770491803;33;0;0;0;0;0;0;0;0;0;0;0;0;0;0;0;0;0;0;0;0;0;0;0;0;0;476
4;16;3,27049180327869;226;16,6327868852459;20;0;0;0;0;0;0;0;0;0;0;0;0;0;0;0;0;0;0;0;0;0;0;0;0;0;397
4;9;6,87540983606557;51;9,09344262295082;10;0;0;0;0;0;0;0;0;0;0;0;0;0;0;0;0;0;0;0;0;0;0;0;0;0;384
4;8;7,16229508196721;39;12,8426229508197;5;0;0;0;0;0;0;0;0;0;0;0;0;0;0;0;0;0;0;0;0;0;0;0;0;0;430
4;9;6,40819672131148;52;13,355737704918;5;0;0;0;0;0;0;0;0;0;0;0;0;0;0;0;0;0;0;0;0;0;0;0;0;0;460
4;8;10,8032786885246;39;16,644262295082;8;0;0;0;0;0;0;0;0;0;0;0;0;0;0;0;0;0;0;0;0;0;0;0;0;0;447
4;10;7,83114754098361;39;19,0081967213115;7;0;0;0;0;0;0;0;0;0;0;0;0;0;0;0;0;0;0;0;0;0;0;0;0;0;444
4;8;7,48524590163934;45;17,0245901639344;2;0;0;0;0;0;0;0;0;0;0;0;0;0;0;0;0;0;0;0;0;0;0;0;0;0;387
4;9;7,3655737704918;52;17,5868852459016;2;0;0;0;0;0;0;0;0;0;0;0;0;0;0;0;0;0;0;0;0;0;0;0;0;0;456
4;10;4,53666666666667;126;20,185;2;0;0;0;0;0;0;0;0;0;0;0;0;0;0;0;0;0;0;0;0;0;0;0;0;0;441
4;9;8,47049180327869;58;16,872131147541;3;0;0;0;0;0;0;0;0;0;0;0;0;0;0;0;0;0;0;0;0;0;0;0;0;0;360
5;8;8,11525423728814;56;12,4881355932203;8;0;0;0;0;0;0;0;0;0;0;0;0;0;0;0;0;0;0;0;0;0;0;0;0;0;399
5;10;7,95901639344263;41;11,4672131147541;37;0;0;0;0;0;0;0;0;0;0;0;0;0;0;0;0;0;0;0;0;0;0;0;0;0;443
5;5;9,21639344262295;48;10,5098360655738;14;0;0;0;0;0;0;0;0;0;0;0;0;0;0;0;0;0;0;0;0;0;0;0;0;0;359
5;6;10,1295081967213;43;11,1868852459016;12;0;0;0;0;0;0;0;0;0;0;0;0;0;0;0;0;0;0;0;0;0;0;0;0;0;438
5;8;11,4311475409836;40;11,6311475409836;10;0;0;0;0;0;0;0;0;0;0;0;0;0;0;0;0;0;0;0;0;0;0;0;0;0;358
6;8;8,04426229508197;60;8,21639344262295;18;0;0;0;0;0;0;0;0;0;0;0;0;0;0;0;0;0;0;0;0;0;0;0;0;0;472
6;9;8,17;59;9,61166666666667;18;0;0;0;0;0;0;0;0;0;0;0;0;0;0;0;0;0;0;0;0;0;0;0;0;0;453
6;10;7,27457627118644;60;10,5220338983051;23;0;0;0;0;0;0;0;0;0;0;0;0;0;0;0;0;0;0;0;0;0;0;0;0;0;361
6;8;10,0833333333333;59;11,3183333333333;23;0;0;0;0;0;0;0;0;0;0;0;0;0;0;0;0;0;0;0;0;0;0;0;0;0;401
6;8;10,5786885245902;54;11,1360655737705;18;0;0;0;0;0;0;0;0;0;0;0;0;0;0;0;0;0;0;0;0;0;0;0;0;0;370
6;9;9,12786885245901;56;12,5983606557377;17;0;0;0;0;0;0;0;0;0;0;0;0;0;0;0;0;0;0;0;0;0;0;0;0;0;351
6;10;7,27868852459016;53;13,9606557377049;18;0;0;0;0;0;0;0;0;0;0;0;0;0;0;0;0;0;0;0;0;0;0;0;0;0;386
6;8;8,97540983606557;62;13,6180327868852;16;0;0;0;0;0;0;0;0;0;0;0;0;0;0;0;0;0;0;0;0;0;0;0;0;0;372
6;4;8,30491803278689;56;13,8245901639344;12;0;0;0;0;0;0;0;0;0;0;0;0;0;0;0;0;0;0;0;0;0;0;0;0;0;362
6;9;10,3333333333333;41;15,5183333333333;10;0;0;0;0;0;0;0;0;0;0;0;0;0;0;0;0;0;0;0;0;0;0;0;0;0;357
6;4;12,1583333333333;42;11,2166666666667;22;0;0;0;0;0;0;0;0;0;0;0;0;0;0;0;0;0;0;0;0;0;0;0;0;0;374
6;1;12,2704918032787;39;12,3245901639344;14;0;0;0;0;0;0;0;0;0;0;0;0;0;0;0;0;0;0;0;0;0;0;0;0;0;370
6;8;12,8327868852459;40;12,5885245901639;11;0;0;0;0;0;0;0;0;0;0;0;0;0;0;0;0;0;0;0;0;0;0;0;0;0;360
6;3;9,03;65;1,60833333333333;15;0;0;0;0;0;0;0;0;0;0;0;0;0;0;0;0;0;0;0;0;0;0;0;0;0;479
6;4;8,39344262295082;67;1,74754098360656;15;0;0;0;0;0;0;0;0;0;0;0;0;0;0;0;0;0;0;0;0;0;0;0;0;0;357
6;6;10,9266666666667;43;2,395;13;0;0;0;0;0;0;0;0;0;0;0;0;0;0;0;0;0;0;0;0;0;0;0;0;0;374
6;7;11,2383333333333;40;2,84833333333333;11;0;0;0;0;0;0;0;0;0;0;0;0;0;0;0;0;0;0;0;0;0;0;0;0;0;443
6;8;8,875;51;2,72833333333333;13;0;0;0;0;0;0;0;0;0;0;0;0;0;0;0;0;0;0;0;0;0;0;0;0;0;440
6;10;8,97704918032787;35;5,53770491803279;12;0;0;0;0;0;0;0;0;0;0;0;0;0;0;0;0;0;0;0;0;0;0;0;0;0;433
7;0;9,95333333333333;36;7,35;15;0;0;0;0;0;0;0;0;0;0;0;0;0;0;0;0;0;0;0;0;0;0;0;0;0;356
7;2;11,2065573770492;38;7,14098360655738;15;0;0;0;0;0;0;0;0;0;0;0;0;0;0;0;0;0;0;0;0;0;0;0;0;0;352
7;6;9,66833333333333;43;7,83166666666667;15;0;0;0;0;0;0;0;0;0;0;0;0;0;0;0;0;0;0;0;0;0;0;0;0;0;358
7;7;11,0540983606557;37;8,16065573770492;14;0;0;0;0;0;0;0;0;0;0;0;0;0;0;0;0;0;0;0;0;0;0;0;0;0;384
7;8;8,71311475409836;46;7,98032786885246;16;0;0;0;0;0;0;0;0;0;0;0;0;0;0;0;0;0;0;0;0;0;0;0;0;0;413
7;9;10,7459016393443;36;9,13770491803279;14;0;0;0;0;0;0;0;0;0;0;0;0;0;0;0;0;0;0;0;0;0;0;0;0;0;404
7;9;11,9655737704918;30;1,60655737704918;51;0;0;0;0;0;0;0;0;0;0;0;0;0;0;0;0;0;0;0;0;0;0;0;0;0;403
7;23;6,77666666666667;45;9,67999999999999;9;0;0;0;0;0;0;0;0;0;0;0;0;0;0;0;0;0;0;0;0;0;0;0;0;0;382
7;7;9,09016393442623;48;9,39344262295083;8;0;0;0;0;0;0;0;0;0;0;0;0;0;0;0;0;0;0;0;0;0;0;0;0;0;385
7;8;7,84666666666667;55;9,21833333333333;8;0;0;0;0;0;0;0;0;0;0;0;0;0;0;0;0;0;0;0;0;0;0;0;0;0;373
7;8;10,5066666666667;56;14,9683333333333;5;0;0;0;0;0;0;0;0;0;0;0;0;0;0;0;0;0;0;0;0;0;0;0;0;0;355
7;9;9,98275862068965;58;15,8;5;0;0;0;0;0;0;0;0;0;0;0;0;0;0;0;0;0;0;0;0;0;0;0;0;0;362
7;8;8,06885245901639;54;-3,03606557377049;23;0;0;0;0;0;0;0;0;0;0;0;0;0;0;0;0;0;0;0;0;0;0;0;0;0;421
7;9;6,74262295081967;57;-1,68688524590164;22;0;0;0;0;0;0;0;0;0;0;0;0;0;0;0;0;0;0;0;0;0;0;0;0;0;493
7;10;4,05737704918033;96;0,324590163934426;22;0;0;0;0;0;0;0;0;0;0;0;0;0;0;0;0;0;0;0;0;0;0;0;0;0;393
7;23;12,2245901639344;35;8,08196721311475;19;0;0;0;0;0;0;0;0;0;0;0;0;0;0;0;0;0;0;0;0;0;0;0;0;0;372
7;1;13,26;33;8,335;16;0;0;0;0;0;0;0;0;0;0;0;0;0;0;0;0;0;0;0;0;0;0;0;0;0;377
7;2;13,995;30;8,68;14;0;0;0;0;0;0;0;0;0;0;0;0;0;0;0;0;0;0;0;0;0;0;0;0;0;381
7;3;14,1672131147541;31;8,88032786885246;13;0;0;0;0;0;0;0;0;0;0;0;0;0;0;0;0;0;0;0;0;0;0;0;0;0;381
7;4;13,5377049180328;35;8,88196721311475;13;0;0;0;0;0;0;0;0;0;0;0;0;0;0;0;0;0;0;0;0;0;0;0;0;0;361
7;6;12,6616666666667;36;9,43666666666667;12;0;0;0;0;0;0;0;0;0;0;0;0;0;0;0;0;0;0;0;0;0;0;0;0;0;400
7;8;13,6409836065574;35;10,3393442622951;11;0;0;0;0;0;0;0;0;0;0;0;0;0;0;0;0;0;0;0;0;0;0;0;0;0;370
7;9;12,2950819672131;35;10,9540983606557;11;0;0;0;0;0;0;0;0;0;0;0;0;0;0;0;0;0;0;0;0;0;0;0;0;0;371
8;8;9,32033898305085;55;5,85084745762712;8;0;0;0;0;0;0;0;0;0;0;0;0;0;0;0;0;0;0;0;0;0;0;0;0;0;384
8;22;7,365;53;6,42833333333333;17;0;0;0;0;0;0;203,08;0;0;0;0;0;0;0;0;0;0;0;0;0;0;0;0;0;0;400
8;23;10,51;39;8,72166666666666;15;0;390;5,99999999999999;0;0;0;210,53;0;0;0;0;0;0;0;0;0;0;0;0;0;0;0;0;0;0;428
8;0;9,60491803278689;49;8,34426229508196;16;0;396,5;6,09999999999999;0;0;0;210,198360655738;0;0;0;0;0;0;0;0;0;0;0;0;0;0;0;0;0;0;395
8;2;10,6883333333333;43;8,28;15;0;390;5,99999999999999;0;0;0;208,963333333333;0;0;0;0;0;0;0;0;0;0;0;0;0;0;0;0;0;0;457
8;3;10,8316666666667;42;8,66833333333333;13;0;390;5,99999999999999;0;0;0;207,598333333333;0;0;0;0;0;0;0;0;0;0;0;0;0;0;0;0;0;0;493
8;4;11,6229508196721;40;9,01639344262295;12;0;396,5;6,09999999999999;0;0;0;206,498360655738;0;0;0;0;0;0;0;0;0;0;0;0;0;0;0;0;0;0;394
8;6;12,7491525423729;36;9,73220338983051;11;0;383,5;5,9;0;0;0;203,791525423729;0;0;0;0;0;0;0;0;0;0;0;0;0;0;0;0;0;0;412
8;7;10,6950819672131;43;9,43114754098361;12;3;396,5;6,09999999999999;0;0;0;206,445901639344;0;0;0;0;0;0;0;0;0;0;0;0;0;0;0;0;0;0;444
8;8;11,1;44;9,73606557377049;11;45;396,5;6,09999999999999;0;0;0;205,92131147541;0;0;0;0;0;0;0;0;0;0;0;0;0;0;0;0;0;0;429
8;9;9,82333333333333;55;11,1933333333333;11;390;390;5,99999999999999;0;0;0;205,228333333334;0;0;0;0;0;0;0;0;0;0;0;0;0;0;0;0;0;0;402
8;7;9,11016949152543;59;10,9508474576271;11;3;0;383,5;5,9;0;0;206,401694915254;0;0;0;0;0;0;0;0;0;0;0;0;0;0;0;0;0;0;417
8;8;9,33666666666667;58;10,9033333333333;12;47;0;390;5,99999999999999;0;0;206,768333333333;0;0;0;0;0;0;0;0;0;0;0;0;0;0;0;0;0;0;418
8;8;12,572131147541;34;10,2180327868852;10;50;6,09999999999999;0;396,5;6,09999999999999;0;204,686885245902;0;0;0;0;0;0;0;0;0;0;0;0;0;0;0;0;0;0;393
8;1;14,28;31;15,995;13;0;0;0;0;0;0;203,681666666667;0;0;0;0;0;0;0;0;0;0;0;0;0;0;0;0;0;0;403
8;2;14,455;31;15,8983333333333;12;0;0;0;0;0;0;202,643333333333;0;0;0;0;0;0;0;0;0;0;0;0;0;0;0;0;0;0;395
8;3;14,5516666666667;31;15,77;12;0;0;0;0;0;0;201,725;0;0;0;0;0;0;0;0;0;0;0;0;0;0;0;0;0;0;393
8;4;14,4114754098361;34;15,4704918032787;12;0;0;0;0;0;0;201,204918032787;0;0;0;0;0;0;0;0;0;0;0;0;0;0;0;0;0;0;435
9;9;6,10655737704918;61;2,9672131147541;11;131;0;122;0;0;0;204,2;0;0;0;0;0;0;0;0;0;0;0;0;0;0;0;0;0;0;443
9;6;9,16833333333333;60;1,695;21;0;0;0;5,99999999999999;0;0;206,7;0;0;0;0;0;0;0;0;0;0;0;0;0;0;0;0;0;0;487
9;10;5,77049180327869;82;6,45737704918033;18;606;0;0;6,09999999999999;0;0;206,83606557377;0;0;0;0;0;0;0;0;0;0;0;0;0;0;0;0;0;0;441
9;8;13,7754098360656;40;4,32786885245902;15;20;0;0;0;6,09999999999999;0;206,726229508197;0;0;0;0;0;0;0;0;0;0;0;0;0;0;0;0;0;0;496
9;9;13,0147540983607;43;5,04590163934426;16;208;0;0;0;6,09999999999999;0;206,475409836066;0;0;0;0;0;0;0;0;0;0;0;0;0;0;0;0;0;0;393
9;10;11,3786885245902;41;7,0688524590164;14;593;0;0;0;6,09999999999999;0;205,708196721312;0;0;0;0;0;0;0;0;0;0;0;0;0;0;0;0;0;0;437
9;5;12,7426229508197;35;8,35901639344262;10;0;0;0;0;0;6,09999999999999;200,196721311475;0;0;0;0;0;0;0;0;0;0;0;0;0;0;0;0;0;0;379
9;6;11,9049180327869;37;8,46393442622951;9;0;0;0;0;0;6,09999999999999;199,77868852459;0;0;0;0;0;0;0;0;0;0;0;0;0;0;0;0;0;0;408
10;4;12,7950819672131;34;8,12950819672132;9;0;0;0;0;0;0;201,785245901639;0;0;0;0;0;0;0;0;0;0;0;0;0;0;0;0;0;0;361
1;4;6,54426229508197;53;20,0491803278689;20;0;0;0;0;0;6,09999999999999;198,475409836066;0;0;0;0;0;0;0;0;0;0;0;0;0;0;0;0;0;0;378
1;7;6,18852459016393;64;19,5098360655738;19;30;0;0;0;0;6,09999999999999;208,365573770492;0;0;0;0;0;0;0;0;0;0;0;0;0;0;0;0;0;0;430
2;7;0,988524590163934;134;13,6508196721312;26;22;0;0;0;0;0;206,893442622951;0;0;0;0;0;0;0;0;0;0;0;0;0;0;0;0;0;0;351
2;5;8,91186440677966;43;16,106779661017;10;0;0;0;0;0;0;203,735593220339;0;0;0;0;0;0;0;0;0;0;0;0;0;0;0;0;0;0;395
3;7;6,045;58;16,2433333333333;3;13;5,99999999999999;0;0;0;0;207,973333333333;0;0;0;0;0;0;0;0;0;0;0;0;0;0;0;0;0;0;406
3;8;4,29166666666667;45;16,4183333333333;3;164;5,99999999999999;0;0;0;0;209,4;0;0;0;0;0;0;0;0;0;0;0;0;0;0;0;0;0;0;365
3;17;3,12833333333333;227;17,535;33;530;0;0;0;0;0;209,751666666667;0;0;0;0;0;0;0;0;0;0;0;0;0;0;0;0;0;0;375
3;7;7,44918032786885;42;15,1803278688525;10;0;0;1616,5;0;0;0;205,016393442623;0;0;0;0;0;0;0;0;0;0;0;0;0;0;0;0;0;0;433
3;8;6,71639344262295;44;15,1639344262295;9;11;0;1616,5;0;0;0;210,127868852459;0;0;0;0;0;0;0;0;0;0;0;0;0;0;0;0;0;0;425
3;6;10,3933333333333;37;14,335;14;0;5,99999999999999;0;0;0;1590;207,981666666666;0;0;0;0;0;0;0;0;0;0;0;0;0;0;0;0;0;0;359
3;7;11,1166666666667;42;14,1033333333333;15;0;5,99999999999999;0;0;0;1590;207,681666666667;0;0;0;0;0;0;0;0;0;0;0;0;0;0;0;0;0;0;460
3;10;6,91724137931034;44;16,5741379310345;11;541;5,8;0;0;0;1537;206,817241379311;0;0;0;0;0;0;0;0;0;0;0;0;0;0;0;0;0;0;465
4;9;8,685;56;13,7466666666667;12;77;0;0;24;0;0;208,8;0;0;0;0;0;0;0;0;0;0;0;0;0;0;0;0;0;0;458
4;10;6,04918032786885;64;16,3508196721311;10;463;0;0;24,4;0;0;208,790163934426;0;0;0;0;0;0;0;0;0;0;0;0;0;0;0;0;0;0;403
4;8;8,18852459016393;51;13,7377049180328;8;6;0;0;0;24,4;0;207,631147540984;0;0;0;0;0;0;0;0;0;0;0;0;0;0;0;0;0;0;431
4;9;6,39;63;14,0916666666667;8;75;0;0;0;24;0;207,938333333333;0;0;0;0;0;0;0;0;0;0;0;0;0;0;0;0;0;0;450
4;3;10,9262295081967;33;15,8639344262295;6;0;0;0;0;0;0;204,719672131148;0;0;0;0;0;0;0;0;0;0;0;0;0;0;0;0;0;0;457
4;5;11,105;35;15,3616666666667;6;0;0;0;0;0;0;203,953333333333;0;0;0;0;0;0;0;0;0;0;0;0;0;0;0;0;0;0;383
4;6;11,3916666666667;36;15,2716666666667;5;0;0;0;0;0;0;203,501666666666;0;0;0;0;0;0;0;0;0;0;0;0;0;0;0;0;0;0;407
4;7;10,7590163934426;38;15,1459016393443;5;0;0;0;0;0;0;203,118032786885;0;0;0;0;0;0;0;0;0;0;0;0;0;0;0;0;0;0;453
4;8;8,72950819672131;46;14,8590163934426;5;5;0;0;0;0;0;208,716393442623;0;0;0;0;0;0;0;0;0;0;0;0;0;0;0;0;0;0;423
4;9;8,59508196721312;54;14,7590163934426;4;74;0;0;0;0;0;209,1;0;0;0;0;0;0;0;0;0;0;0;0;0;0;0;0;0;0;479
4;10;6,53220338983051;60;16,9016949152542;3;428;0;0;0;0;0;208,969491525424;0;0;0;0;0;0;0;0;0;0;0;0;0;0;0;0;0;0;414
5;4;11,8803278688525;42;6,20983606557377;47;0;6,09999999999999;0;0;6,09999999999999;0;206,003278688525;0;0;0;0;0;0;0;0;0;0;0;0;0;0;0;0;0;0;399
5;8;9,27;41;15,39;8;61;0;0;0;0;5,99999999999999;204,898333333333;0;0;0;0;0;0;0;0;0;0;0;0;0;0;0;0;0;0;368
5;9;5,48524590163934;82;16,927868852459;7;345;0;0;0;0;6,09999999999999;204,832786885246;0;0;0;0;0;0;0;0;0;0;0;0;0;0;0;0;0;0;373
5;1;7,47868852459017;58;17,6147540983607;8;0;0;0;0;0;0;199,639344262295;0;0;0;0;0;0;0;0;0;0;0;0;0;0;0;0;0;0;377
5;10;3,075;164;20,195;5;518;0;0;0;0;0;208,35;0;0;0;0;0;0;0;0;0;0;0;0;0;0;0;0;0;0;354
5;3;5,74833333333333;64;15,2766666666667;5;0;0;0;0;0;0;202,4;0;0;0;0;0;0;0;0;0;0;0;0;0;0;0;0;0;0;373
5;9;4,15593220338983;148;5,13389830508475;19;286;0;212,4;0;0;0;204,837288135593;0;0;0;0;0;0;0;0;0;0;0;0;0;0;0;0;0;0;479
5;7;9,94262295081967;46;4,44098360655738;13;0;0;6,09999999999999;0;0;0;209,126229508197;0;0;0;0;0;0;0;0;0;0;0;0;0;0;0;0;0;0;378
6;7;9,73;69;10,8983333333333;22;0;0;84;12;24;0;233,131666666667;0;0;0;0;0;0;0;0;0;0;0;0;0;0;0;0;0;0;353
6;8;9,85573770491803;64;11,7508196721311;20;18;0;85,4;12,2;24,4;0;233,1;0;0;0;0;0;0;0;0;0;0;0;0;0;0;0;0;0;0;443
6;9;9,33898305084745;70;12,3016949152542;20;255;0;82,6;11,8;23,6;0;233,1;0;0;0;0;0;0;0;0;0;0;0;0;0;0;0;0;0;0;429
6;10;7,07333333333333;67;13,4833333333333;21;423;0;59,4;35,8;24;0;233,118333333334;0;0;0;0;0;0;0;0;0;0;0;0;0;0;0;0;0;0;435
6;3;10,06;75;12,3166666666667;17;0;5,99999999999999;0;84;12;24;227,8;0;0;0;0;0;0;0;0;0;0;0;0;0;0;0;0;0;0;402
6;4;10,0344827586207;74;11,8775862068965;18;0;5,8;0;81,2;11,6;23,2;227,651724137931;0;0;0;0;0;0;0;0;0;0;0;0;0;0;0;0;0;0;385
6;5;10,14;69;12,0783333333333;17;0;5,99999999999999;0;84;12;24;227,6;0;0;0;0;0;0;0;0;0;0;0;0;0;0;0;0;0;0;358
6;6;10,51;72;11,91;17;0;5,99999999999999;0;84;12;24;227,083333333333;0;0;0;0;0;0;0;0;0;0;0;0;0;0;0;0;0;0;412
6;11;6,03898305084746;58;14,7084745762712;15;539;4,8;1,1;35,1;58,8;23,6;225,406779661017;0;0;0;0;0;0;0;0;0;0;0;0;0;0;0;0;0;0;495
6;5;13,5433333333333;54;11,555;10;0;0;5,99999999999999;0;84;12;218,398333333333;0;0;0;0;0;0;0;0;0;0;0;0;0;0;0;0;0;0;390
6;7;14,2186440677966;53;11,7915254237288;10;0;0;5,9;0;82,6;11,8;217,374576271186;0;0;0;0;0;0;0;0;0;0;0;0;0;0;0;0;0;0;426
6;8;14,1475409836066;54;12,1049180327869;10;20;0;6,09999999999999;0;85,4;12,2;217,119672131148;0;0;0;0;0;0;0;0;0;0;0;0;0;0;0;0;0;0;402
6;9;13,8066666666667;55;12,99;9;241;0;5,99999999999999;0;84;12;216,553333333333;0;0;0;0;0;0;0;0;0;0;0;0;0;0;0;0;0;0;405
6;10;11,8266666666667;53;13,8766666666667;10;412;0;5,99999999999999;0;81,1999999999999;14,5;215,775;0;0;0;0;0;0;0;0;0;0;0;0;0;0;0;0;0;0;404
6;11;10,4196721311475;51;14,5606557377049;11;528;0;6,09999999999999;0;45,4;51,6;215,403278688524;0;0;0;0;0;0;0;0;0;0;0;0;0;0;0;0;0;0;375
6;4;7,45573770491803;61;2,58196721311475;17;0;0;0;0;0;0;202,696721311476;0;0;0;0;0;0;0;0;0;0;0;0;0;0;0;0;0;0;429
6;3;5,74754098360656;61;7,80655737704918;14;0;0;0;0;0;0;204,85737704918;0;0;0;0;0;0;0;0;0;0;0;0;0;0;0;0;0;0;352
6;22;7,05;56;10,0633333333333;10;0;0;0;0;0;0;204,811666666667;0;0;0;0;0;0;0;0;0;0;0;0;0;0;0;0;0;0;422
6;23;7,51333333333333;55;9,97166666666667;10;0;0;0;0;0;0;204,608333333333;0;0;0;0;0;0;0;0;0;0;0;0;0;0;0;0;0;0;392
7;7;12,9950819672131;50;8,87540983606557;12;0;0;152,5;0;0;0;206,972131147541;0;0;0;0;0;0;0;0;0;0;0;0;0;0;0;0;0;0;436
7;8;13,4666666666667;47;9,17166666666666;11;12;0;150;0;0;0;206,703333333333;0;0;0;0;0;0;0;0;0;0;0;0;0;0;0;0;0;0;409
7;9;12,7770491803279;45;10,2147540983606;10;226;0;152,5;0;0;0;206,419672131147;0;0;0;0;0;0;0;0;0;0;0;0;0;0;0;0;0;0;452
7;23;12,635;51;10,845;8;0;0;0;150;0;0;203,411666666667;0;0;0;0;0;0;0;0;0;0;0;0;0;0;0;0;0;0;498
7;1;12,9475409836066;55;10,5295081967213;8;0;0;0;152,5;0;0;202,706557377049;0;0;0;0;0;0;0;0;0;0;0;0;0;0;0;0;0;0;392
7;2;12,972131147541;56;10,3737704918033;8;0;0;0;127,4;23,7;0;202,132786885246;0;0;0;0;0;0;0;0;0;0;0;0;0;0;0;0;0;0;432
7;4;12,07;57;10,5883333333333;7;0;0;0;0;150;0;201,241666666667;0;0;0;0;0;0;0;0;0;0;0;0;0;0;0;0;0;0;401
7;8;12,97;51;11,1283333333333;6;12;0;0;0;150;0;206,965;0;0;0;0;0;0;0;0;0;0;0;0;0;0;0;0;0;0;388
7;0;10,1409836065574;53;12,3918032786885;13;0;0;0;0;0;0;202,796721311475;0;0;0;0;0;0;0;0;0;0;0;0;0;0;0;0;0;0;467
7;9;9,73166666666666;62;14,7366666666667;9;265;0;0;0;0;0;206,211666666667;0;0;0;0;0;0;0;0;0;0;0;0;0;0;0;0;0;0;433
7;10;7,75245901639344;64;16,6950819672131;7;433;0;0;0;0;0;205,950819672131;0;0;0;0;0;0;0;0;0;0;0;0;0;0;0;0;0;0;390
7;2;12,2836065573771;55;14,8131147540983;6;0;0;0;0;0;0;198,760655737705;0;0;0;0;0;0;0;0;0;0;0;0;0;0;0;0;0;0;453
7;3;11,1147540983607;60;14,6377049180328;5;0;0;0;0;0;0;198,262295081967;0;0;0;0;0;0;0;0;0;0;0;0;0;0;0;0;0;0;378
7;5;9,57377049180328;69;13,9049180327869;6;0;0;0;0;0;0;197,334426229508;0;0;0;0;0;0;0;0;0;0;0;0;0;0;0;0;0;0;381
7;6;9,11016949152542;67;13,9050847457627;6;0;0;0;0;0;0;196,969491525424;0;0;0;0;0;0;0;0;0;0;0;0;0;0;0;0;0;0;409
7;7;8,85;66;14,2133333333333;5;1;0;0;0;0;0;207,96;0;0;0;0;0;0;0;0;0;0;0;0;0;0;0;0;0;0;397
7;9;9,10655737704918;71;14,8606557377049;6;276;0;0;0;0;0;208,416393442623;0;0;0;0;0;0;0;0;0;0;0;0;0;0;0;0;0;0;419
7;23;7,88;50;14,735;7;0;0;0;0;0;0;202,77;0;0;0;0;0;0;0;0;0;0;0;0;0;0;0;0;0;0;423
7;23;11,2;51;5,70327868852459;38;0;0;0;0;0;0;205,94262295082;0;0;0;0;0;0;0;0;0;0;0;0;0;0;0;0;0;0;357
7;0;9,77540983606558;51;6,11967213114754;35;0;0;0;0;0;0;205,429508196721;0;0;0;0;0;0;0;0;0;0;0;0;0;0;0;0;0;0;473
7;10;2,66885245901639;186;4,98196721311475;12;457;109,8;0;0;0;0;208,916393442623;0;0;0;0;0;0;0;0;0;0;0;0;0;0;0;0;0;0;379
8;7;10,435;58;8,19833333333333;4;1;0;5,99999999999999;0;0;0;205,301666666667;0;0;0;0;0;0;0;0;0;0;0;0;0;0;0;0;0;0;398
8;9;11,1051724137931;57;10,1258620689655;3;348;0;5,8;0;0;0;204,870689655173;0;0;0;0;0;0;0;0;0;0;0;0;0;0;0;0;0;0;389
8;2;14,0983606557377;58;10,8622950819672;7;0;0;0;6,09999999999999;0;0;200,119672131148;0;0;0;0;0;0;0;0;0;0;0;0;0;0;0;0;0;0;390
8;1;12,3783333333333;51;7,61;6;0;0;0;0;0;0;204,623333333333;0;0;0;0;0;0;0;0;0;0;0;0;0;0;0;0;0;0;487
8;9;13,6118644067797;53;9,96101694915254;2;375;0;0;0;0;0;207,037288135593;0;0;0;0;0;0;0;0;0;0;0;0;0;0;0;0;0;0;437
8;11;7,95245901639345;54;13,8934426229508;1;667;0;0;0;0;0;206,9;0;0;0;0;0;0;0;0;0;0;0;0;0;0;0;0;0;0;363
8;2;11,716393442623;56;14,3967213114754;14;0;0;0;0;0;0;201,9;0;0;0;0;0;0;0;0;0;0;0;0;0;0;0;0;0;0;471
8;3;11,65;61;14,3366666666667;14;0;0;0;0;0;0;201,62;0;0;0;0;0;0;0;0;0;0;0;0;0;0;0;0;0;0;433
8;5;11,6389830508475;59;14,0593220338983;13;0;0;0;0;0;0;200,589830508475;0;0;0;0;0;0;0;0;0;0;0;0;0;0;0;0;0;0;368
8;6;12,6311475409836;56;13,9770491803279;12;0;0;0;0;0;0;200,065573770492;0;0;0;0;0;0;0;0;0;0;0;0;0;0;0;0;0;0;374
8;7;12,7;57;14,1393442622951;12;4;0;0;0;0;0;207,006557377049;0;0;0;0;0;0;0;0;0;0;0;0;0;0;0;0;0;0;387
8;8;11,3542372881356;60;14,1932203389831;11;50;0;0;0;0;0;206,516949152542;0;0;0;0;0;0;0;0;0;0;0;0;0;0;0;0;0;0;436
8;9;8,79152542372881;71;15,7745762711864;10;382;0;0;0;0;0;206,352542372881;0;0;0;0;0;0;0;0;0;0;0;0;0;0;0;0;0;0;392
8;10;6,54918032786885;70;18,1016393442623;8;562;0;0;0;0;0;206,027868852459;0;0;0;0;0;0;0;0;0;0;0;0;0;0;0;0;0;0;392
8;8;6,01803278688525;73;2,6344262295082;14;74;103,7;73,2000000000001;0;0;0;211,695081967213;0;0;0;0;0;0;0;0;0;0;0;0;0;0;0;0;0;0;387
11;7;6,32622950819672;97;11,7934426229508;6;96;0;0;0;0;0;207,295081967213;0;0;0;0;1;0;0;0;1;0;0;0;0;0;0;0;0;0;467
11;5;8,58032786885246;60;10,3934426229508;7;0;0;0;0;0;0;202,219672131148;1;1;0;0;1;0;0;0;0;0;0;0;0;0;0;0;0;0;474
11;6;9,57868852459016;58;10,5803278688525;8;15;0;0;0;0;0;201,806557377049;1;1;0;0;1;0;0;0;0;0;0;0;0;0;0;0;0;0;499
11;7;7,31333333333333;71;10,9816666666667;8;120;0;0;0;0;0;206,815;1;1;0;0;1;0;0;0;0;0;0;0;0;0;0;0;0;0;444
11;5;5,82622950819672;75;11,6196721311475;8;0;0;0;0;0;0;204,537704918033;0;0;0;0;1;0;0;0;1;0;0;0;0;0;0;0;0;0;402
11;6;5,82131147540984;80;11,8885245901639;6;15;0;0;0;0;0;203,959016393443;0;0;0;0;1;0;0;0;0;0;0;0;0;0;0;0;0;0;364
11;7;4,73442622950819;78;13,0147540983606;5;154;0;0;0;0;0;207,370491803279;0;0;0;0;1;0;0;0;0;0;0;0;0;0;0;0;0;0;373
12;4;8,83442622950819;52;14,5901639344262;6;0;0;0;0;0;0;204,077049180328;1;0;1;1;0;0;0;0;1;1;0;0;0;0;0;0;0;0;458
12;5;10,3135593220339;53;14,6118644067797;6;0;0;0;0;0;0;203,677966101695;1;0;1;1;0;0;0;0;1;1;0;0;0;0;0;0;0;0;362
12;6;11,4344262295082;51;14,6803278688525;6;15;0;0;0;0;0;203,22131147541;1;0;1;1;0;0;0;0;1;1;0;0;0;0;0;0;0;0;406
12;7;8,48032786885246;57;15,1622950819672;5;84;0;0;0;0;0;207,832786885246;1;0;1;1;0;0;0;0;1;1;0;0;0;0;0;0;0;0;382
2;8;2,58360655737705;201;17,9262295081967;20;274;0;0;0;0;0;212,855737704918;0;1;0;0;0;0;0;0;0;0;0;0;0;0;0;0;0;0;368
3;19;1,35666666666667;132;17,3083333333333;46;1;0;0;0;0;0;208,758333333334;0;0;0;0;1;0;0;0;0;0;0;0;0;0;0;0;0;0;455
3;7;8,96229508196721;57;20,8360655737705;5;16;0;0;0;0;0;212,093442622951;0;0;1;0;1;0;0;0;1;1;0;0;0;0;0;0;0;0;389
3;8;5,99508196721311;114;21,1311475409836;9;159;0;0;0;0;0;212,677049180328;0;0;1;0;1;0;0;0;1;1;0;0;0;0;0;0;0;0;395
3;3;5,86229508196721;48;18,2934426229508;7;0;0;0;0;6,09999999999999;0;207,1;0;1;0;1;1;0;0;0;1;1;0;0;0;0;0;0;0;0;381
3;4;5,95409836065574;52;18,1655737704918;7;0;0;0;0;6,09999999999999;0;206,752459016394;0;1;0;1;1;0;0;0;1;1;0;0;0;0;0;0;0;0;401
3;6;9,24098360655738;56;17,8868852459016;7;0;0;0;0;6,09999999999999;0;206,239344262295;0;1;0;0;1;0;0;0;0;0;0;0;0;0;0;0;0;0;380
3;7;6,44262295081967;65;17,4180327868852;6;0;0;0;0;6,09999999999999;0;205,481967213115;0;1;0;0;1;0;0;0;1;0;0;0;0;0;0;0;0;0;413
3;8;6,18666666666667;63;17,2916666666667;5;11;0;0;0;5,99999999999999;0;205,141666666667;0;1;0;0;1;0;0;0;1;0;0;0;0;0;0;0;0;0;461
3;9;4,53934426229508;92;18,0147540983607;4;130;0;0;0;6,09999999999999;0;204,618032786885;0;1;0;0;1;0;0;0;1;0;0;0;0;0;0;0;0;0;381
4;12;2,47118644067797;244;21,5067796610169;3;815;0;0;0;0;0;203,898305084746;0;0;0;0;1;0;0;0;1;0;0;0;0;0;0;0;0;0;500
4;13;2,65081967213115;247;22,783606557377;3;878;0;0;0;0;0;203,867213114754;0;0;1;1;1;0;0;0;1;0;0;0;0;0;0;0;0;0;395
4;7;12,0885245901639;59;18,6967213114754;3;0;0;0;0;0;0;209,811475409836;0;0;0;0;0;0;0;0;0;0;0;0;0;0;0;0;0;0;353
4;8;12,3344262295082;60;18,7852459016393;3;7;0;0;0;0;0;209,195081967213;0;1;0;0;0;0;0;0;0;0;0;0;0;0;0;0;0;0;400
4;9;9,84918032786885;68;18,916393442623;2;78;0;0;0;0;0;208,409836065574;0;1;0;0;0;0;0;0;0;0;0;0;0;0;0;0;0;0;376
4;5;13,2379310344828;54;16,9189655172414;4;0;0;0;0;0;0;199,012068965517;0;1;0;0;0;0;0;0;0;0;0;0;0;0;0;0;0;0;368
4;6;13,7868852459016;53;16,6393442622951;4;0;0;0;0;0;0;198,472131147541;1;1;0;0;0;0;0;0;0;0;0;0;0;0;0;0;0;0;437
4;7;13,3898305084746;58;16,3559322033898;4;0;0;0;0;0;0;198,049152542373;1;1;0;0;0;0;0;0;0;0;0;0;0;0;0;0;0;0;394
4;8;14,035;54;16,4633333333333;5;18;0;0;0;0;0;217,346666666667;1;1;0;0;0;0;0;0;0;0;0;0;0;0;0;0;0;0;406
4;9;13,2883333333333;55;16,905;4;92;0;0;0;0;0;222,4;1;0;0;0;0;0;0;0;0;1;0;0;0;0;0;0;0;0;441
5;12;1,98333333333333;244;11,6916666666667;14;684;5,99999999999999;0;1542;0;0;203,3;0;0;1;0;0;0;0;0;1;0;0;0;0;0;0;0;0;0;407
6;0;8,47627118644068;55;6,52203389830508;4;0;0;0;0;5,9;0;205,991525423729;0;0;0;0;0;0;0;0;0;0;0;0;0;0;0;0;0;0;384
6;1;6,45666666666667;47;6,46666666666666;4;0;0;0;0;5,99999999999999;0;205,561666666667;1;0;0;1;0;0;0;0;0;0;0;0;0;0;0;0;0;0;408
6;5;8,6344262295082;60;6,69672131147541;4;0;0;0;0;6,09999999999999;0;204,634426229508;1;1;0;1;0;0;0;0;0;1;0;0;0;0;0;0;0;0;413
6;6;10,5016393442623;55;6,87704918032787;4;0;0;0;0;6,09999999999999;0;204,419672131147;1;1;0;1;0;0;0;0;0;1;0;0;0;0;0;0;0;0;360
6;7;11,7383333333333;54;7,07666666666667;3;0;0;0;0;5,99999999999999;0;204,191666666667;1;1;0;1;0;0;0;0;0;1;0;0;0;0;0;0;0;0;496
6;0;7,2864406779661;59;8,34915254237288;4;0;0;0;0;0;0;207,6;0;0;0;0;0;0;0;0;1;0;0;0;0;0;0;0;0;0;391
6;1;8,065;61;8,315;4;0;0;0;0;0;0;207,501666666667;0;0;0;0;0;0;0;0;0;1;0;0;0;0;0;0;0;0;417
6;4;6,9016393442623;67;8,00819672131147;4;0;0;0;0;0;0;206,806557377049;0;0;0;1;0;0;0;0;0;1;0;0;0;0;0;0;0;0;417
6;5;7,33728813559322;73;8,01186440677966;4;0;0;0;0;0;0;206,579661016949;0;0;0;0;0;0;0;0;0;0;0;0;0;0;0;0;0;0;380
6;6;7,85409836065574;70;8,2327868852459;3;0;0;0;0;0;0;206,340983606558;0;0;0;0;0;0;0;0;0;0;0;0;0;0;0;0;0;0;408
6;7;9,40333333333333;60;9,39666666666667;2;0;0;0;0;0;0;206,098333333333;0;0;0;0;1;0;0;0;0;0;0;0;0;0;0;0;0;0;410
6;9;8,745;70;9,48166666666666;3;16;0;0;0;0;0;205,698333333333;0;1;1;1;1;0;0;0;1;1;0;0;0;0;0;0;0;0;494
7;3;11,7716666666667;52;8,63;6;0;0;0;0;0;12;207,91;1;0;0;1;0;0;1;1;0;1;0;0;0;0;0;0;0;0;462
7;4;11,9932203389831;60;7,75254237288136;19;0;0;0;23,6;47,2;13;217,977966101695;0;0;0;0;0;0;0;0;0;0;0;0;0;0;0;0;0;0;404
7;8;10,3868852459016;61;8,93770491803279;16;1;0;0;24,4;48,8;0;217,293442622951;0;0;0;0;0;1;0;0;0;0;0;0;0;0;0;0;0;0;416
7;9;11,1016666666667;59;9,38;13;27;0;0;24;48;0;217,098333333333;1;0;0;1;0;1;0;0;0;0;0;0;0;0;0;0;0;0;465
7;10;11,3716666666667;58;9,94333333333333;13;264;0;0;24;48;0;216,908333333333;1;1;0;1;0;1;0;0;0;0;0;0;0;0;0;0;0;0;406
7;8;13,8983606557377;54;1,97540983606558;18;0;0;0;0;0;0;213,7;1;0;0;1;0;1;0;0;0;0;0;0;0;0;0;0;0;0;439
7;9;13,6918032786885;57;1,85901639344262;19;19;0;0;0;0;0;213,7;1;1;0;1;0;1;0;0;0;0;0;0;0;0;0;0;0;0;460
7;10;12,8533333333333;54;2,97333333333333;17;268;0;0;0;0;0;213,013333333333;1;1;0;1;0;1;0;0;0;0;0;0;0;0;0;0;0;0;382
7;22;13,1383333333333;57;7,12166666666667;10;0;5,99999999999999;0;0;0;0;210,6;0;0;0;0;0;0;1;0;0;0;0;0;0;0;0;0;0;0;357
7;0;11,435;57;7,09333333333333;12;0;5,99999999999999;0;0;0;0;210,11;1;1;0;0;0;0;0;0;0;0;0;0;0;0;0;0;0;0;465
7;5;10,2583333333333;71;7,98;10;0;5,99999999999999;0;0;0;0;208,715;1;1;0;0;0;0;0;1;0;0;0;0;0;0;0;0;0;0;405
7;2;9,29830508474576;64;9,37457627118644;15;0;0;0;0;5,9;0;197,923728813559;1;0;0;0;0;0;0;0;0;0;0;0;0;0;0;0;0;0;353
7;3;10,8737704918033;63;9,65901639344262;14;0;0;0;0;6,09999999999999;0;197,716393442623;1;0;0;0;0;0;0;0;0;0;0;0;0;0;0;0;0;0;364
7;4;11,8933333333333;61;9,93833333333334;13;0;0;0;0;5,99999999999999;0;197,638333333334;1;1;0;0;0;0;0;0;0;0;0;0;0;0;0;0;0;0;351
7;7;10,7183333333333;63;9,33;12;0;0;0;0;5,99999999999999;0;196,663333333334;1;0;0;1;0;0;0;0;0;0;0;0;0;0;0;0;0;0;402
7;8;11,2271186440678;62;9,56440677966102;12;3;0;0;0;5,9;0;205,186440677966;1;0;0;1;0;0;0;0;0;0;0;0;0;0;0;0;0;0;459
9;3;10,3;78;12,2666666666667;11;0;0;0;0;0;0;195,098333333333;0;0;0;0;0;0;0;0;0;0;0;0;0;0;0;0;0;0;376
9;9;7,8948275862069;88;5,46896551724138;19;141;411,8;34,8;34,8;0;104,4;204,3;0;0;0;0;0;0;0;0;0;0;0;0;0;0;0;0;0;0;471
9;10;5,91666666666667;87;7,63833333333333;17;534;426;30,7;41,2;0;108;204,211666666667;0;0;0;0;0;0;0;0;0;0;0;0;0;0;0;0;0;0;357
9;7;9,195;85;7,61666666666666;9;1;0;426;36;36;0;199,31;0;0;0;0;0;0;0;0;0;0;0;0;0;0;0;0;0;0;392
9;8;9,02459016393443;84;7,74262295081967;9;27;0;433,1;36,6;36,6;0;199,249180327869;0;0;0;0;0;0;0;0;0;0;0;0;0;0;0;0;0;0;415
10;7;8,47868852459016;47;5,29016393442623;18;25;0;12,2;0;0;0;198,590163934426;0;0;0;0;1;0;0;1;1;1;0;0;0;0;0;0;0;0;404
11;6;7,40655737704918;51;9,86229508196721;12;16;0;0;6,09999999999999;0;0;196,685245901639;1;0;0;1;0;0;0;0;0;0;0;0;0;0;0;0;0;0;471
12;10;12,4983050847458;48;13,9271186440678;29;502;0;0;0;0;0;201,038983050848;1;0;0;1;0;1;0;0;0;0;0;0;0;0;0;0;0;0;444
12;7;5,73934426229508;75;17,9524590163934;7;74;0;0;0;0;0;198,581967213115;1;0;0;0;0;1;0;0;0;0;0;0;0;0;0;0;0;0;393
12;11;2,84754098360656;218;24,327868852459;17;1089;0;0;0;0;0;199,014754098361;1;0;0;1;0;0;1;1;0;0;0;0;0;0;0;0;0;0;374
1;6;10,135;40;20,8916666666666;11;9;0;5,99999999999999;0;0;0;194,463333333333;0;0;0;1;0;0;0;0;0;0;0;0;0;0;0;0;0;0;398
2;6;4,52786885245902;49;16,7114754098361;6;3;0;0;0;0;0;196,085245901639;0;0;0;0;0;0;0;0;0;0;0;0;0;0;0;0;0;0;446
2;7;3,87704918032787;47;16,6229508196721;8;22;0;0;0;0;0;199,108196721311;0;0;0;0;0;0;0;0;0;0;0;0;0;0;0;0;0;0;433
2;6;9,09508196721311;39;20,3737704918033;6;2;0;0;0;0;0;195,127868852459;1;0;1;1;0;0;0;0;0;0;0;0;0;0;0;0;0;0;384
3;8;4,06065573770492;106;17,5344262295082;10;170;0;0;0;0;0;200,4;1;0;0;1;0;1;0;1;0;0;0;0;0;0;0;0;0;0;376
3;7;7,02131147540984;45;15,883606557377;15;15;0;0;0;0;0;200,195081967213;1;0;0;0;0;0;0;1;0;0;0;0;0;0;0;0;0;0;388
3;4;10,2180327868852;41;20,4147540983607;10;0;0;0;6,09999999999999;0;0;196,863934426229;1;0;0;1;0;0;0;0;0;0;0;0;0;0;0;0;0;0;361
3;6;12,9360655737705;39;20,1049180327869;11;3;0;0;6,09999999999999;0;0;195,745901639344;1;0;1;1;0;1;1;1;0;0;0;0;0;0;0;0;0;0;438
5;5;10,5950819672131;66;7,19344262295082;8;0;0;0;0;0;9,39999999999999;200,796721311476;1;0;0;1;0;0;1;0;0;0;0;0;0;0;0;0;0;0;371
6;23;12,66;50;9,83333333333333;11;0;18;0;0;0;12;190,571666666667;1;0;0;0;0;1;0;0;0;0;0;0;0;0;0;0;0;0;382
6;0;11,755737704918;53;9,71475409836065;12;1;18,3;0;0;0;12,2;198,606557377049;1;0;0;0;0;1;0;0;0;1;0;0;0;0;0;0;0;0;375
8;8;13,2770491803279;52;7,19508196721312;12;40;12,2;0;0;0;0;195,518032786885;0;0;0;0;0;0;0;0;0;0;0;0;0;0;0;0;0;0;461
8;23;10,6540983606557;55;9,54262295081967;16;0;0;0;0;0;6,09999999999999;195,311475409836;0;0;0;0;0;0;0;0;0;0;0;0;0;0;0;0;0;0;370
8;12;10,116393442623;53;5,66229508196721;18;762;0;0;0;6,09999999999999;0;197,924590163935;0;0;0;0;0;0;0;0;0;0;0;0;0;0;0;0;0;0;443
8;19;12,927868852459;52;8,58688524590164;15;0;0;0;0;0;6,09999999999999;196,265573770492;0;0;0;0;0;0;0;0;0;1;0;0;0;0;0;0;0;0;395
8;22;14,227868852459;50;9,44426229508197;12;0;12,5;0;0;0;6,09999999999999;193,647540983606;0;0;0;0;0;0;0;0;0;0;0;0;0;0;0;0;0;0;385
8;5;11,2180327868852;67;11,0377049180328;9;0;18,3;0;0;0;6,09999999999999;195,906557377049;0;0;0;0;0;0;0;0;0;0;0;0;0;0;0;0;0;0;430
8;6;8,90491803278689;70;11,6590163934426;8;0;18,3;0;0;0;6,09999999999999;195,362295081967;0;0;0;0;0;0;0;0;1;0;0;0;0;0;0;0;0;0;461
8;8;10,0704918032787;74;11,8803278688525;9;52;18,3;0;0;0;6,09999999999999;194,806557377049;0;0;0;0;0;0;0;0;1;1;0;0;0;0;0;0;0;0;352
8;9;10,6295081967213;69;14,872131147541;7;409;18,3;0;0;0;6,09999999999999;194,775409836066;0;0;0;0;0;0;0;0;0;1;0;0;0;0;0;0;0;0;446
9;7;12,6393442622951;56;1,60655737704918;22;9;0;0;6,09999999999999;0;0;200,67868852459;0;0;0;0;0;0;0;0;0;0;0;0;0;0;0;0;0;0;375
9;1;8,53114754098361;70;13,9983606557377;7;0;0;0;6,09999999999999;0;0;199,5;0;0;0;0;0;0;0;0;0;0;0;0;0;0;0;0;0;0;365
9;2;8,61967213114754;75;13,7065573770492;8;0;0;0;6,09999999999999;0;0;199,5;0;0;0;0;0;0;0;0;0;0;0;0;0;0;0;0;0;0;456
9;1;10,9114754098361;55;14,1655737704918;15;0;0;0;0;0;0;199,2;0;0;0;0;0;0;0;0;0;0;0;0;0;0;0;0;0;0;404
9;3;13,9688524590164;49;12,7852459016393;8;0;0;0;0;0;0;198,198360655738;0;0;0;0;0;0;0;0;0;0;0;0;0;0;0;0;0;0;443
