1;2;4,05901639344262;32;13,9311475409836;33;0;0;0;0;0;0;0;0;0;0;0;0;0;0;0;0;0;0;0;0;0;0;0;0;0;174
1;4;2,35081967213115;80;13,2;32;0;0;0;0;0;0;0;0;0;0;0;0;0;0;0;0;0;0;0;0;0;0;0;0;0;162
1;6;2,20983606557377;109;11,6934426229508;54;0;0;0;0;0;0;0;0;0;0;0;0;0;0;0;0;0;0;0;0;0;0;0;0;0;151
1;7;3,4672131147541;48;14,9573770491803;9;0;0;0;0;0;0;0;0;0;0;0;0;0;0;0;0;0;0;0;0;0;0;0;0;0;188
1;8;2,20491803278689;82;17,6360655737705;8;0;0;0;0;0;0;0;0;0;0;0;0;0;0;0;0;0;0;0;0;0;0;0;0;0;224
1;1;2,62459016393443;88;14,4475409836066;38;0;0;0;0;0;0;0;0;0;0;0;0;0;0;0;0;0;0;0;0;0;0;0;0;0;194
1;2;1,8016393442623;74;14,2885245901639;33;0;0;0;0;0;0;0;0;0;0;0;0;0;0;0;0;0;0;0;0;0;0;0;0;0;181
1;6;2,95737704918033;54;13,2754098360656;26;0;0;0;0;0;0;0;0;0;0;0;0;0;0;0;0;0;0;0;0;0;0;0;0;0;168
1;7;2,21311475409836;65;13,2114754098361;30;0;0;0;0;0;0;0;0;0;0;0;0;0;0;0;0;0;0;0;0;0;0;0;0;0;199
1;6;1,88360655737705;71;11,7147540983607;56;0;0;0;0;0;0;0;0;0;0;0;0;0;0;0;0;0;0;0;0;0;0;0;0;0;177
1;7;2,37540983606557;47;11,8098360655738;57;0;0;0;0;0;0;0;0;0;0;0;0;0;0;0;0;0;0;0;0;0;0;0;0;0;227
1;8;1,12131147540984;181;14,5836065573771;51;0;0;0;0;0;0;0;0;0;0;0;0;0;0;0;0;0;0;0;0;0;0;0;0;0;168
1;6;5,58688524590164;28;13,4393442622951;14;0;0;0;0;0;0;0;0;0;0;0;0;0;0;0;0;0;0;0;0;0;0;0;0;0;228
1;8;2,47049180327869;141;16,172131147541;13;0;0;0;0;0;0;0;0;0;0;0;0;0;0;0;0;0;0;0;0;0;0;0;0;0;154
1;1;2,28196721311475;61;15,0573770491803;32;0;0;0;0;0;0;0;0;0;0;0;0;0;0;0;0;0;0;0;0;0;0;0;0;0;160
1;2;2,16229508196721;75;15,6704918032787;29;0;0;0;0;0;0;0;0;0;0;0;0;0;0;0;0;0;0;0;0;0;0;0;0;0;152
1;6;6,15901639344262;26;16,7327868852459;25;0;0;0;0;0;0;0;0;0;0;0;0;0;0;0;0;0;0;0;0;0;0;0;0;0;164
1;7;4,68196721311475;92;16,5737704918033;27;0;0;0;0;0;0;0;0;0;0;0;0;0;0;0;0;0;0;0;0;0;0;0;0;0;216
1;8;1,90655737704918;168;18,7868852459016;25;0;0;0;0;0;0;0;0;0;0;0;0;0;0;0;0;0;0;0;0;0;0;0;0;0;176
1;2;5,88688524590164;38;16,5049180327869;35;0;0;0;0;0;0;0;0;0;0;0;0;0;0;0;0;0;0;0;0;0;0;0;0;0;182
1;3;3,99508196721311;92;15,9245901639344;36;0;0;0;0;0;0;0;0;0;0;0;0;0;0;0;0;0;0;0;0;0;0;0;0;0;201
1;5;4,19836065573771;53;15,8901639344262;34;0;0;0;0;0;0;0;0;0;0;0;0;0;0;0;0;0;0;0;0;0;0;0;0;0;158
1;6;5,19016393442623;48;15,7868852459016;33;0;0;0;0;0;0;0;0;0;0;0;0;0;0;0;0;0;0;0;0;0;0;0;0;0;230
1;7;2,79180327868852;120;15,7901639344262;33;0;0;0;0;0;0;0;0;0;0;0;0;0;0;0;0;0;0;0;0;0;0;0;0;0;247
1;2;2,03770491803279;92;15,3918032786885;40;0;0;0;0;0;0;0;0;0;0;0;0;0;0;0;0;0;0;0;0;0;0;0;0;0;156
1;3;2,10327868852459;77;15,3459016393443;35;0;0;0;0;0;0;0;0;0;0;0;0;0;0;0;0;0;0;0;0;0;0;0;0;0;237
1;4;4,68666666666667;40;16,8266666666667;26;0;0;0;0;0;0;0;0;0;0;0;0;0;0;0;0;0;0;0;0;0;0;0;0;0;201
1;5;5,98196721311475;36;17,583606557377;24;0;0;0;0;0;0;0;0;0;0;0;0;0;0;0;0;0;0;0;0;0;0;0;0;0;245
1;1;1,8135593220339;124;18,206779661017;34;0;0;0;0;0;0;0;0;0;0;0;0;0;0;0;0;0;0;0;0;0;0;0;0;0;238
1;3;2,88983050847458;47;17,6338983050847;33;0;0;0;0;0;0;0;0;0;0;0;0;0;0;0;0;0;0;0;0;0;0;0;0;0;187
1;5;2,36101694915254;85;17,3677966101695;34;0;0;0;0;0;0;0;0;0;0;0;0;0;0;0;0;0;0;0;0;0;0;0;0;0;196
1;6;3,5551724137931;46;18,6931034482759;30;0;0;0;0;0;0;0;0;0;0;0;0;0;0;0;0;0;0;0;0;0;0;0;0;0;212
1;8;1,14035087719298;169;21,0350877192982;28;0;0;0;0;0;0;0;0;0;0;0;0;0;0;0;0;0;0;0;0;0;0;0;0;0;161
1;2;2,49661016949153;45;19,0796610169492;20;0;0;0;0;0;0;0;0;0;0;0;0;0;0;0;0;0;0;0;0;0;0;0;0;0;175
1;1;2,34262295081967;143;18,3704918032787;36;0;0;0;0;0;0;0;0;0;0;0;0;0;0;0;0;0;0;0;0;0;0;0;0;0;241
1;3;2,82950819672131;57;17,9688524590164;22;0;0;0;0;0;0;0;0;0;0;0;0;0;0;0;0;0;0;0;0;0;0;0;0;0;197
1;4;2,11803278688525;65;16,7459016393443;28;0;0;0;0;0;0;0;0;0;0;0;0;0;0;0;0;0;0;0;0;0;0;0;0;0;171
1;7;1,43606557377049;89;15,4098360655738;37;0;0;0;0;0;0;0;0;0;0;0;0;0;0;0;0;0;0;0;0;0;0;0;0;0;151
1;17;5,58524590163935;151;22,2081967213115;33;0;0;0;0;0;0;0;0;0;0;0;0;0;0;0;0;0;0;0;0;0;0;0;0;0;217
1;6;2,39180327868853;163;18,7196721311475;40;0;0;0;0;0;0;0;0;0;0;0;0;0;0;0;0;0;0;0;0;0;0;0;0;0;178
2;2;2,97704918032787;43;17,4081967213115;24;0;0;0;0;0;0;0;0;0;0;0;0;0;0;0;0;0;0;0;0;0;0;0;0;0;177
2;3;3,29016393442623;42;17,372131147541;19;0;0;0;0;0;0;0;0;0;0;0;0;0;0;0;0;0;0;0;0;0;0;0;0;0;248
2;4;3,64655172413793;38;16,9689655172414;16;0;0;0;0;0;0;0;0;0;0;0;0;0;0;0;0;0;0;0;0;0;0;0;0;0;177
2;5;3,17413793103448;46;16,6810344827586;15;0;0;0;0;0;0;0;0;0;0;0;0;0;0;0;0;0;0;0;0;0;0;0;0;0;161
2;6;3,80819672131148;38;16,6049180327869;14;0;0;0;0;0;0;0;0;0;0;0;0;0;0;0;0;0;0;0;0;0;0;0;0;0;170
2;7;3,28196721311476;38;16,2311475409836;15;0;0;0;0;0;0;0;0;0;0;0;0;0;0;0;0;0;0;0;0;0;0;0;0;0;201
2;8;2,38360655737705;89;18,1213114754098;14;0;0;0;0;0;0;0;0;0;0;0;0;0;0;0;0;0;0;0;0;0;0;0;0;0;188
2;6;5,21803278688525;52;15,6245901639344;11;0;0;0;0;0;0;0;0;0;0;0;0;0;0;0;0;0;0;0;0;0;0;0;0;0;177
2;8;1,39180327868852;201;17,2819672131148;14;0;0;0;0;0;0;0;0;0;0;0;0;0;0;0;0;0;0;0;0;0;0;0;0;0;190
2;5;4,41475409836066;38;17,1786885245902;10;0;0;0;0;0;0;0;0;0;0;0;0;0;0;0;0;0;0;0;0;0;0;0;0;0;159
2;8;1,58688524590164;91;17,7081967213115;9;0;0;0;0;0;0;0;0;0;0;0;0;0;0;0;0;0;0;0;0;0;0;0;0;0;239
2;7;2,90655737704918;42;15,4786885245902;18;0;0;0;0;0;0;0;0;0;0;0;0;0;0;0;0;0;0;0;0;0;0;0;0;0;169
2;8;2,36885245901639;47;16,4573770491803;19;0;0;0;0;0;0;0;0;0;0;0;0;0;0;0;0;0;0;0;0;0;0;0;0;0;156
2;8;1,52950819672131;63;16,7786885245902;24;0;0;0;0;0;0;0;0;0;0;0;0;0;0;0;0;0;0;0;0;0;0;0;0;0;172
2;9;1,38360655737705;213;21,1147540983607;20;0;0;0;0;0;0;0;0;0;0;0;0;0;0;0;0;0;0;0;0;0;0;0;0;0;201
2;4;2,98032786885246;96;18,2065573770492;17;0;0;0;0;0;0;0;0;0;0;0;0;0;0;0;0;0;0;0;0;0;0;0;0;0;200
2;7;4,11311475409836;81;17,9475409836066;19;0;0;0;0;0;0;0;0;0;0;0;0;0;0;0;0;0;0;0;0;0;0;0;0;0;178
2;8;5,22622950819672;94;20,8262295081967;13;0;0;0;0;0;0;0;0;0;0;0;0;0;0;0;0;0;0;0;0;0;0;0;0;0;221
2;6;3,55245901639344;93;17,1639344262295;14;0;0;0;0;0;0;0;0;0;0;0;0;0;0;0;0;0;0;0;0;0;0;0;0;0;183
2;7;4,8655737704918;41;14,9;14;0;0;0;0;0;0;0;0;0;0;0;0;0;0;0;0;0;0;0;0;0;0;0;0;0;169
2;8;2,21967213114754;163;16,3754098360656;15;0;0;0;0;0;0;0;0;0;0;0;0;0;0;0;0;0;0;0;0;0;0;0;0;0;181
2;8;2,15409836065574;116;13,3459016393443;38;0;0;0;0;0;0;0;0;0;0;0;0;0;0;0;0;0;0;0;0;0;0;0;0;0;151
3;4;9,18032786885246;31;18,1491803278689;5;0;0;0;0;0;0;0;0;0;0;0;0;0;0;0;0;0;0;0;0;0;0;0;0;0;229
3;4;7,15081967213115;45;20,0393442622951;8;0;0;0;0;0;0;0;0;0;0;0;0;0;0;0;0;0;0;0;0;0;0;0;0;0;166
3;5;7,10491803278689;44;19,9098360655738;8;0;0;0;0;0;0;0;0;0;0;0;0;0;0;0;0;0;0;0;0;0;0;0;0;0;246
3;8;7,45737704918033;49;20,6049180327869;7;0;0;0;0;0;0;0;0;0;0;0;0;0;0;0;0;0;0;0;0;0;0;0;0;0;220
3;9;3,38852459016393;142;23,7901639344262;5;0;0;0;0;0;0;0;0;0;0;0;0;0;0;0;0;0;0;0;0;0;0;0;0;0;160
3;1;4,53606557377049;34;20,5131147540984;13;0;0;0;0;0;0;0;0;0;0;0;0;0;0;0;0;0;0;0;0;0;0;0;0;0;199
3;3;3,70491803278688;32;19,8704918032787;12;0;0;0;0;0;0;0;0;0;0;0;0;0;0;0;0;0;0;0;0;0;0;0;0;0;169
3;4;3,89344262295082;29;19,6704918032787;10;0;0;0;0;0;0;0;0;0;0;0;0;0;0;0;0;0;0;0;0;0;0;0;0;0;161
3;6;5,42950819672131;42;19,8491803278689;7;0;0;0;0;0;0;0;0;0;0;0;0;0;0;0;0;0;0;0;0;0;0;0;0;0;244
3;8;1,59344262295082;67;18,9327868852459;13;0;0;0;0;0;0;0;0;0;0;0;0;0;0;0;0;0;0;0;0;0;0;0;0;0;219
3;4;3,80327868852459;99;15,2065573770492;19;0;0;0;0;0;0;0;0;0;0;0;0;0;0;0;0;0;0;0;0;0;0;0;0;0;178
3;0;2,28688524590164;51;15,6049180327869;26;0;0;0;0;0;0;0;0;0;0;0;0;0;0;0;0;0;0;0;0;0;0;0;0;0;231
3;6;7,47;32;16,4483333333333;14;0;0;0;0;0;0;0;0;0;0;0;0;0;0;0;0;0;0;0;0;0;0;0;0;0;250
3;9;6,82950819672131;41;16,8950819672131;11;0;0;0;0;0;0;0;0;0;0;0;0;0;0;0;0;0;0;0;0;0;0;0;0;0;231
3;10;2,55762711864407;166;19,7542372881356;10;0;0;0;0;0;0;0;0;0;0;0;0;0;0;0;0;0;0;0;0;0;0;0;0;0;173
3;1;6,09473684210526;45;16,6473684210527;21;0;0;0;0;0;0;0;0;0;0;0;0;0;0;0;0;0;0;0;0;0;0;0;0;0;185
3;2;6,44736842105263;45;16,6298245614035;14;0;0;0;0;0;0;0;0;0;0;0;0;0;0;0;0;0;0;0;0;0;0;0;0;0;226
3;3;5,44067796610169;39;16,4220338983051;8;0;0;0;0;0;0;0;0;0;0;0;0;0;0;0;0;0;0;0;0;0;0;0;0;0;162
3;4;5,61525423728814;41;16,571186440678;7;0;0;0;0;0;0;0;0;0;0;0;0;0;0;0;0;0;0;0;0;0;0;0;0;0;195
3;5;5,33965517241379;40;16,2310344827586;7;0;0;0;0;0;0;0;0;0;0;0;0;0;0;0;0;0;0;0;0;0;0;0;0;0;155
3;4;2,24655172413793;92;11,8275862068965;26;0;0;0;0;0;0;0;0;0;0;0;0;0;0;0;0;0;0;0;0;0;0;0;0;0;210
3;5;1,81551724137931;61;10,9206896551724;25;0;0;0;0;0;0;0;0;0;0;0;0;0;0;0;0;0;0;0;0;0;0;0;0;0;152
3;8;2,9135593220339;52;10,2779661016949;32;0;0;0;0;0;0;0;0;0;0;0;0;0;0;0;0;0;0;0;0;0;0;0;0;0;227
3;9;2,94915254237288;36;10,5762711864407;29;0;0;0;0;0;0;0;0;0;0;0;0;0;0;0;0;0;0;0;0;0;0;0;0;0;168
3;7;4,01311475409836;32;9,8655737704918;24;0;0;0;0;0;0;0;0;0;0;0;0;0;0;0;0;0;0;0;0;0;0;0;0;0;163
3;8;3,94262295081967;27;9,9672131147541;21;0;0;0;0;0;0;0;0;0;0;0;0;0;0;0;0;0;0;0;0;0;0;0;0;0;151
3;7;5,64262295081967;42;14,672131147541;16;0;0;0;0;0;0;0;0;0;0;0;0;0;0;0;0;0;0;0;0;0;0;0;0;0;221
3;8;5,3672131147541;39;14,7622950819672;15;0;0;0;0;0;0;0;0;0;0;0;0;0;0;0;0;0;0;0;0;0;0;0;0;0;230
3;9;4,91475409836066;68;15,5655737704918;14;0;0;0;0;0;0;0;0;0;0;0;0;0;0;0;0;0;0;0;0;0;0;0;0;0;230
3;0;3,50983606557377;39;14,7590163934426;24;0;0;0;0;0;0;0;0;0;0;0;0;0;0;0;0;0;0;0;0;0;0;0;0;0;185
3;1;2,59180327868852;34;14,9131147540984;22;0;0;0;0;0;0;0;0;0;0;0;0;0;0;0;0;0;0;0;0;0;0;0;0;0;178
3;2;2,97049180327869;40;14,9655737704918;19;0;0;0;0;0;0;0;0;0;0;0;0;0;0;0;0;0;0;0;0;0;0;0;0;0;232
3;4;3,83934426229508;36;14,7295081967213;16;0;0;0;0;0;0;0;0;0;0;0;0;0;0;0;0;0;0;0;0;0;0;0;0;0;221
3;7;3,70819672131148;38;14,4311475409836;17;0;0;0;0;0;0;0;0;0;0;0;0;0;0;0;0;0;0;0;0;0;0;0;0;0;155
3;8;3,74590163934426;35;14,4180327868852;16;0;0;0;0;0;0;0;0;0;0;0;0;0;0;0;0;0;0;0;0;0;0;0;0;0;177
3;9;2,46065573770492;43;14,9344262295082;16;0;0;0;0;0;0;0;0;0;0;0;0;0;0;0;0;0;0;0;0;0;0;0;0;0;175
3;3;3,80163934426229;37;15,3754098360656;17;0;0;0;0;0;0;0;0;0;0;0;0;0;0;0;0;0;0;0;0;0;0;0;0;0;151
3;8;3,50819672131147;40;14,2032786885246;14;0;0;0;0;0;0;0;0;0;0;0;0;0;0;0;0;0;0;0;0;0;0;0;0;0;175
3;9;2,95573770491803;46;14,7213114754098;13;0;0;0;0;0;0;0;0;0;0;0;0;0;0;0;0;0;0;0;0;0;0;0;0;0;195
3;10;1,20655737704918;214;19,2081967213115;16;0;0;0;0;0;0;0;0;0;0;0;0;0;0;0;0;0;0;0;0;0;0;0;0;0;200
3;4;3,11639344262295;98;15,7344262295082;16;0;0;0;0;0;0;0;0;0;0;0;0;0;0;0;0;0;0;0;0;0;0;0;0;0;158
3;5;5,80327868852459;38;16,0377049180328;10;0;0;0;0;0;0;0;0;0;0;0;0;0;0;0;0;0;0;0;0;0;0;0;0;0;154
3;10;3,92459016393443;112;19,6885245901639;6;0;0;0;0;0;0;0;0;0;0;0;0;0;0;0;0;0;0;0;0;0;0;0;0;0;205
3;4;4,01967213114754;65;18,0344262295082;12;0;0;0;0;0;0;0;0;0;0;0;0;0;0;0;0;0;0;0;0;0;0;0;0;0;198
3;7;9,27213114754098;26;18,5327868852459;12;0;0;0;0;0;0;0;0;0;0;0;0;0;0;0;0;0;0;0;0;0;0;0;0;0;172
3;10;6,57049180327869;43;21,3655737704918;9;0;0;0;0;0;0;0;0;0;0;0;0;0;0;0;0;0;0;0;0;0;0;0;0;0;202
3;6;6,1344262295082;44;17,5655737704918;14;0;0;0;0;0;0;0;0;0;0;0;0;0;0;0;0;0;0;0;0;0;0;0;0;0;154
3;7;6,1655737704918;43;17,0704918032787;15;0;0;0;0;0;0;0;0;0;0;0;0;0;0;0;0;0;0;0;0;0;0;0;0;0;187
4;9;4,57704918032787;97;17,6655737704918;12;0;0;0;0;0;0;0;0;0;0;0;0;0;0;0;0;0;0;0;0;0;0;0;0;0;165
4;7;9,2688524590164;23;16,5311475409836;13;0;0;0;0;0;0;0;0;0;0;0;0;0;0;0;0;0;0;0;0;0;0;0;0;0;200
4;8;8,90491803278689;35;16,8262295081967;13;0;0;0;0;0;0;0;0;0;0;0;0;0;0;0;0;0;0;0;0;0;0;0;0;0;200
4;9;7,26885245901639;33;19,1606557377049;12;0;0;0;0;0;0;0;0;0;0;0;0;0;0;0;0;0;0;0;0;0;0;0;0;0;184
4;6;5,78852459016394;49;16,2639344262295;18;0;0;0;0;0;0;0;0;0;0;0;0;0;0;0;0;0;0;0;0;0;0;0;0;0;153
4;23;5,99016393442623;29;18,2081967213115;9;0;0;0;0;0;0;0;0;0;0;0;0;0;0;0;0;0;0;0;0;0;0;0;0;0;162
4;0;6,55737704918033;28;18,1590163934426;9;0;0;0;0;0;0;0;0;0;0;0;0;0;0;0;0;0;0;0;0;0;0;0;0;0;224
4;1;6,38360655737705;35;18,1737704918033;8;0;0;0;0;0;0;0;0;0;0;0;0;0;0;0;0;0;0;0;0;0;0;0;0;0;177
4;7;6,33114754098361;37;17,2590163934426;10;0;0;0;0;0;0;0;0;0;0;0;0;0;0;0;0;0;0;0;0;0;0;0;0;0;175
4;7;6,96065573770492;32;15,7524590163935;12;0;0;0;0;0;0;0;0;0;0;0;0;0;0;0;0;0;0;0;0;0;0;0;0;0;167
4;5;8,06885245901639;32;14,6475409836065;12;0;0;0;0;0;0;0;0;0;0;0;0;0;0;0;0;0;0;0;0;0;0;0;0;0;177
4;6;9,60983606557377;28;14,8508196721311;12;0;0;0;0;0;0;0;0;0;0;0;0;0;0;0;0;0;0;0;0;0;0;0;0;0;216
4;9;6,38688524590164;35;17,0508196721311;10;0;0;0;0;0;0;0;0;0;0;0;0;0;0;0;0;0;0;0;0;0;0;0;0;0;245
4;2;5,49836065573771;43;12,5622950819672;6;0;0;0;0;0;0;0;0;0;0;0;0;0;0;0;0;0;0;0;0;0;0;0;0;0;173
4;3;5,48852459016394;47;12,4344262295082;5;0;0;0;0;0;0;0;0;0;0;0;0;0;0;0;0;0;0;0;0;0;0;0;0;0;250
11;7;3,17868852459016;113;10,5229508196721;11;0;0;0;0;0;0;0;0;0;0;0;0;0;0;0;0;0;0;0;0;0;0;0;0;0;169
11;5;8,8;51;14,4934426229508;7;0;0;0;0;0;0;0;0;0;0;0;0;0;0;0;0;0;0;0;0;0;0;0;0;0;234
11;6;9,48032786885246;44;14,8344262295082;8;0;0;0;0;0;0;0;0;0;0;0;0;0;0;0;0;0;0;0;0;0;0;0;0;0;179
11;7;4,46166666666666;80;13,705;8;0;0;0;0;0;0;0;0;0;0;0;0;0;0;0;0;0;0;0;0;0;0;0;0;0;163
11;6;8,22166666666667;33;15,04;6;0;0;0;0;0;0;0;0;0;0;0;0;0;0;0;0;0;0;0;0;0;0;0;0;0;164
11;7;1,70819672131148;116;14,3049180327869;14;0;0;0;0;0;0;0;0;0;0;0;0;0;0;0;0;0;0;0;0;0;0;0;0;0;189
11;5;7,80333333333333;40;15,3983333333333;12;0;0;0;0;0;0;0;0;0;0;0;0;0;0;0;0;0;0;0;0;0;0;0;0;0;188
11;7;5,00819672131147;69;15,7901639344262;10;0;0;0;0;0;0;0;0;0;0;0;0;0;0;0;0;0;0;0;0;0;0;0;0;0;155
11;7;3,55737704918033;54;13,0704918032787;30;0;0;0;0;0;0;0;0;0;0;0;0;0;0;0;0;0;0;0;0;0;0;0;0;0;152
11;6;6,92459016393443;55;11,7426229508197;5;0;0;0;0;0;0;0;0;0;0;0;0;0;0;0;0;0;0;0;0;0;0;0;0;0;218
11;7;6,435;65;12,605;4;0;0;0;0;0;0;0;0;0;0;0;0;0;0;0;0;0;0;0;0;0;0;0;0;0;228
11;7;3,76666666666667;83;13,3833333333333;6;0;0;0;0;0;0;0;0;0;0;0;0;0;0;0;0;0;0;0;0;0;0;0;0;0;233
12;8;1,205;141;16,8966666666667;21;0;0;0;0;0;0;0;0;0;0;0;0;0;0;0;0;0;0;0;0;0;0;0;0;0;234
12;5;2,04590163934426;56;16,6032786885246;10;0;0;0;0;0;0;0;0;0;0;0;0;0;0;0;0;0;0;0;0;0;0;0;0;0;156
12;8;1,79508196721312;131;17,7065573770492;13;0;0;0;0;0;0;0;0;0;0;0;0;0;0;0;0;0;0;0;0;0;0;0;0;0;194
12;21;0,549180327868852;164;9,54590163934426;79;0;0;0;0;0;0;0;0;0;0;0;0;0;0;0;0;0;0;0;0;0;0;0;0;0;199
12;7;1,91147540983607;86;12,4704918032787;38;0;0;0;0;0;0;0;0;0;0;0;0;0;0;0;0;0;0;0;0;0;0;0;0;0;152
12;6;3,23934426229508;112;11,9032786885246;14;0;0;0;0;0;0;0;0;0;0;0;0;0;0;0;0;0;0;0;0;0;0;0;0;0;154
12;7;1,98196721311475;66;11,0606557377049;14;0;0;0;0;0;0;0;0;0;0;0;0;0;0;0;0;0;0;0;0;0;0;0;0;0;202
12;8;0,444262295081967;157;14,8245901639344;21;0;0;0;0;0;0;0;0;0;0;0;0;0;0;0;0;0;0;0;0;0;0;0;0;0;228
12;6;2,02622950819672;98;14,227868852459;6;0;0;0;0;0;0;0;0;0;0;0;0;0;0;0;0;0;0;0;0;0;0;0;0;0;228
12;7;1,06833333333333;96;13,6016666666667;10;0;0;0;0;0;0;0;0;0;0;0;0;0;0;0;0;0;0;0;0;0;0;0;0;0;198
12;5;2,30983606557377;75;13,7032786885246;28;0;0;0;0;0;0;0;0;0;0;0;0;0;0;0;0;0;0;0;0;0;0;0;0;0;166
12;6;2,85245901639344;59;14;24;0;0;0;0;0;0;0;0;0;0;0;0;0;0;0;0;0;0;0;0;0;0;0;0;0;180
12;7;3,055;59;13,93;28;0;0;0;0;0;0;0;0;0;0;0;0;0;0;0;0;0;0;0;0;0;0;0;0;0;214
1;5;2,30333333333333;59;14,7816666666667;8;0;0;0;0;0;0;0;0;0;0;0;0;0;0;0;0;0;0;0;0;0;0;0;0;0;187
1;6;3,09672131147541;52;14,0049180327869;11;0;0;0;0;0;0;0;0;0;0;0;0;0;0;0;0;0;0;0;0;0;0;0;0;0;159
1;7;3,115;51;14,415;12;0;0;0;0;0;0;0;0;0;0;0;0;0;0;0;0;0;0;0;0;0;0;0;0;0;198
1;8;1,55409836065574;97;17,7918032786885;10;0;0;0;0;0;0;0;0;0;0;0;0;0;0;0;0;0;0;0;0;0;0;0;0;0;191
1;6;1,67704918032787;81;13,0918032786885;20;0;0;0;0;0;0;0;0;0;0;0;0;0;0;0;0;0;0;0;0;0;0;0;0;0;242
1;7;2,03898305084746;67;12,9101694915254;18;0;0;0;0;0;0;0;0;0;0;0;0;0;0;0;0;0;0;0;0;0;0;0;0;0;175
1;8;1,57213114754098;117;15,3229508196721;22;0;0;0;0;0;0;0;0;0;0;0;0;0;0;0;0;0;0;0;0;0;0;0;0;0;157
1;6;2,48032786885246;57;14,3409836065574;23;0;0;0;0;0;0;0;0;0;0;0;0;0;0;0;0;0;0;0;0;0;0;0;0;0;175
1;7;2,79508196721312;77;14,6573770491803;21;0;0;0;0;0;0;0;0;0;0;0;0;0;0;0;0;0;0;0;0;0;0;0;0;0;213
1;8;1,10655737704918;105;17,7688524590164;19;0;0;0;0;0;0;0;0;0;0;0;0;0;0;0;0;0;0;0;0;0;0;0;0;0;227
1;8;1,72;223;20,1266666666667;23;0;0;0;0;0;0;0;0;0;0;0;0;0;0;0;0;0;0;0;0;0;0;0;0;0;214
1;7;1,95081967213115;95;18,1360655737705;40;0;0;0;0;0;0;0;0;0;0;0;0;0;0;0;0;0;0;0;0;0;0;0;0;0;170
1;6;1,54918032786885;88;17,9508196721311;41;0;0;0;0;0;0;0;0;0;0;0;0;0;0;0;0;0;0;0;0;0;0;0;0;0;163
1;7;1,21166666666667;106;14,0816666666667;56;0;0;0;0;0;0;0;0;0;0;0;0;0;0;0;0;0;0;0;0;0;0;0;0;0;179
1;8;1,19672131147541;210;15,4655737704918;61;0;0;0;0;0;0;0;0;0;0;0;0;0;0;0;0;0;0;0;0;0;0;0;0;0;169
1;7;1,58852459016393;128;13,3016393442623;73;0;0;0;0;0;0;0;0;0;0;0;0;0;0;0;0;0;0;0;0;0;0;0;0;0;188
1;15;9,2983606557377;45;17,5114754098361;46;0;0;0;0;0;0;0;0;0;0;0;0;0;0;0;0;0;0;0;0;0;0;0;0;0;200
1;21;2,19;58;13,9116666666667;63;0;0;0;0;0;0;0;0;0;0;0;0;0;0;0;0;0;0;0;0;0;0;0;0;0;161
1;6;3,89666666666667;49;13,4066666666667;37;0;0;0;0;0;0;0;0;0;0;0;0;0;0;0;0;0;0;0;0;0;0;0;0;0;246
1;7;3,87049180327869;47;13,9983606557377;34;0;0;0;0;0;0;0;0;0;0;0;0;0;0;0;0;0;0;0;0;0;0;0;0;0;176
2;3;6,35;61;19,3983333333333;6;0;0;0;0;0;0;0;0;0;0;0;0;0;0;0;0;0;0;0;0;0;0;0;0;0;179
2;4;6,57049180327869;61;19,2229508196722;6;0;0;0;0;0;0;0;0;0;0;0;0;0;0;0;0;0;0;0;0;0;0;0;0;0;184
2;5;6,74754098360656;64;19,1983606557377;5;0;0;0;0;0;0;0;0;0;0;0;0;0;0;0;0;0;0;0;0;0;0;0;0;0;164
2;6;7,30819672131148;65;19,2213114754099;5;0;0;0;0;0;0;0;0;0;0;0;0;0;0;0;0;0;0;0;0;0;0;0;0;0;215
2;7;6,29016393442623;55;19,3983606557377;5;0;0;0;0;0;0;0;0;0;0;0;0;0;0;0;0;0;0;0;0;0;0;0;0;0;245
2;7;0,886666666666666;145;12,43;82;0;0;0;0;0;0;0;0;0;0;0;0;0;0;0;0;0;0;0;0;0;0;0;0;0;181
2;7;2,22;65;14,5583333333333;65;0;0;0;0;0;0;0;0;0;0;0;0;0;0;0;0;0;0;0;0;0;0;0;0;0;161
2;9;1,14590163934426;249;18,9409836065574;52;0;0;0;0;0;0;0;0;0;0;0;0;0;0;0;0;0;0;0;0;0;0;0;0;0;151
2;7;6,38852459016393;61;13,2639344262295;19;0;0;0;0;0;0;0;0;0;0;0;0;0;0;0;0;0;0;0;0;0;0;0;0;0;175
2;3;8,94098360655738;39;17,6786885245902;4;0;0;0;0;0;0;0;0;0;0;0;0;0;0;0;0;0;0;0;0;0;0;0;0;0;188
2;4;8,61803278688525;44;17,4098360655738;4;0;0;0;0;0;0;0;0;0;0;0;0;0;0;0;0;0;0;0;0;0;0;0;0;0;165
2;5;9,64754098360656;38;17,3180327868852;4;0;0;0;0;0;0;0;0;0;0;0;0;0;0;0;0;0;0;0;0;0;0;0;0;0;177
2;9;1,75666666666667;208;21,8083333333333;2;0;0;0;0;0;0;0;0;0;0;0;0;0;0;0;0;0;0;0;0;0;0;0;0;0;167
2;3;4,97540983606557;93;19,2295081967213;7;0;0;0;0;0;0;0;0;0;0;0;0;0;0;0;0;0;0;0;0;0;0;0;0;0;176
2;6;7,69508196721311;45;19,0032786885246;4;0;0;0;0;0;0;0;0;0;0;0;0;0;0;0;0;0;0;0;0;0;0;0;0;0;165
2;7;3,27868852459016;85;18,2655737704918;5;0;0;0;0;0;0;0;0;0;0;0;0;0;0;0;0;0;0;0;0;0;0;0;0;0;158
2;7;2,66065573770492;58;13,7459016393443;22;0;0;0;0;0;0;0;0;0;0;0;0;0;0;0;0;0;0;0;0;0;0;0;0;0;158
2;7;6,2655737704918;40;16,3016393442623;8;0;0;0;0;0;0;0;0;0;0;0;0;0;0;0;0;0;0;0;0;0;0;0;0;0;168
2;8;2,79180327868853;101;16,8704918032787;12;0;0;0;0;0;0;0;0;0;0;0;0;0;0;0;0;0;0;0;0;0;0;0;0;0;195
3;7;4,465;80;15,4466666666667;8;0;0;0;0;0;0;0;0;0;0;0;0;0;0;0;0;0;0;0;0;0;0;0;0;0;159
3;8;2,51803278688525;60;8,6672131147541;38;0;0;0;0;0;0;0;0;0;0;0;0;0;0;0;0;0;0;0;0;0;0;0;0;0;159
3;9;2,65081967213115;57;9,15573770491804;38;0;0;0;0;0;0;0;0;0;0;0;0;0;0;0;0;0;0;0;0;0;0;0;0;0;165
3;5;7,04098360655738;42;13,7885245901639;8;0;0;0;0;0;0;0;0;0;0;0;0;0;0;0;0;0;0;0;0;0;0;0;0;0;216
3;10;3,74590163934426;117;17,0754098360656;8;0;0;0;0;0;0;0;0;0;0;0;0;0;0;0;0;0;0;0;0;0;0;0;0;0;249
3;5;7,49344262295082;37;16,1065573770492;13;0;0;0;0;0;0;0;0;0;0;0;0;0;0;0;0;0;0;0;0;0;0;0;0;0;164
3;9;6,04918032786885;50;16,0327868852459;12;0;0;0;0;0;0;0;0;0;0;0;0;0;0;0;0;0;0;0;0;0;0;0;0;0;183
3;8;5,42786885245902;59;12,2934426229508;13;0;0;0;0;0;0;0;0;0;0;0;0;0;0;0;0;0;0;0;0;0;0;0;0;0;182
3;5;6,51967213114754;38;15,4459016393443;25;0;0;0;0;0;0;0;0;0;0;0;0;0;0;0;0;0;0;0;0;0;0;0;0;0;198
3;8;9,2135593220339;36;15,5440677966102;26;0;0;0;0;0;0;0;0;0;0;0;0;0;0;0;0;0;0;0;0;0;0;0;0;0;182
3;10;5,60327868852459;78;17,4639344262295;24;0;0;0;0;0;0;0;0;0;0;0;0;0;0;0;0;0;0;0;0;0;0;0;0;0;221
3;11;2,07049180327869;229;20,7967213114754;17;0;0;0;0;0;0;0;0;0;0;0;0;0;0;0;0;0;0;0;0;0;0;0;0;0;206
3;15;3,21;225;23,5016666666667;15;0;0;0;0;0;0;0;0;0;0;0;0;0;0;0;0;0;0;0;0;0;0;0;0;0;175
3;9;6,59180327868853;49;15,2606557377049;30;0;0;0;0;0;0;0;0;0;0;0;0;0;0;0;0;0;0;0;0;0;0;0;0;0;187
3;10;3,68833333333333;119;17,9183333333333;26;0;0;0;0;0;0;0;0;0;0;0;0;0;0;0;0;0;0;0;0;0;0;0;0;0;153
3;9;6,8327868852459;47;14,7196721311476;19;0;0;0;0;0;0;0;0;0;0;0;0;0;0;0;0;0;0;0;0;0;0;0;0;0;170
4;9;6,45409836065574;51;13,7098360655738;14;0;0;0;0;0;0;0;0;0;0;0;0;0;0;0;0;0;0;0;0;0;0;0;0;0;249
4;8;3,38032786885246;54;9,92950819672132;34;0;0;0;0;0;0;0;0;0;0;0;0;0;0;0;0;0;0;0;0;0;0;0;0;0;167
4;5;5,58196721311475;41;7,66065573770492;14;0;0;0;0;0;0;0;0;0;0;0;0;0;0;0;0;0;0;0;0;0;0;0;0;0;184
4;8;6,58333333333333;40;8,28;12;0;0;0;0;0;0;0;0;0;0;0;0;0;0;0;0;0;0;0;0;0;0;0;0;0;234
4;10;1,74426229508197;226;11,2737704918033;11;0;0;0;0;0;0;0;0;0;0;0;0;0;0;0;0;0;0;0;0;0;0;0;0;0;219
4;5;7,27868852459017;40;12,6049180327869;6;0;0;0;0;0;0;0;0;0;0;0;0;0;0;0;0;0;0;0;0;0;0;0;0;0;227
4;10;1,24918032786885;229;16,3491803278689;5;0;0;0;0;0;0;0;0;0;0;0;0;0;0;0;0;0;0;0;0;0;0;0;0;0;247
4;8;7,58196721311476;46;14,8311475409836;16;0;0;0;0;0;0;0;0;0;0;0;0;0;0;0;0;0;0;0;0;0;0;0;0;0;240
4;3;4,17377049180328;39;16,1475409836066;11;0;0;0;0;0;0;0;0;0;0;0;0;0;0;0;0;0;0;0;0;0;0;0;0;0;177
4;4;5,35081967213115;42;15,6032786885246;11;0;0;0;0;0;0;0;0;0;0;0;0;0;0;0;0;0;0;0;0;0;0;0;0;0;183
4;5;7,45409836065574;43;16,0295081967213;10;0;0;0;0;0;0;0;0;0;0;0;0;0;0;0;0;0;0;0;0;0;0;0;0;0;206
4;11;2,48333333333333;201;22,085;5;0;0;0;0;0;0;0;0;0;0;0;0;0;0;0;0;0;0;0;0;0;0;0;0;0;241
4;23;4,25901639344262;53;16,7852459016393;12;0;0;0;0;0;0;0;0;0;0;0;0;0;0;0;0;0;0;0;0;0;0;0;0;0;154
4;3;4,40655737704918;53;17,5409836065574;4;0;0;0;0;0;0;0;0;0;0;0;0;0;0;0;0;0;0;0;0;0;0;0;0;0;250
4;4;3,33666666666667;53;16,7633333333333;5;0;0;0;0;0;0;0;0;0;0;0;0;0;0;0;0;0;0;0;0;0;0;0;0;0;205
4;6;6,56065573770492;32;17,5622950819672;2;0;0;0;0;0;0;0;0;0;0;0;0;0;0;0;0;0;0;0;0;0;0;0;0;0;239
4;0;4,455;52;18,385;2;0;0;0;0;0;0;0;0;0;0;0;0;0;0;0;0;0;0;0;0;0;0;0;0;0;161
4;2;6,79344262295082;53;17,7901639344262;2;0;0;0;0;0;0;0;0;0;0;0;0;0;0;0;0;0;0;0;0;0;0;0;0;0;198
4;4;6,93166666666667;53;17,175;1;0;0;0;0;0;0;0;0;0;0;0;0;0;0;0;0;0;0;0;0;0;0;0;0;0;230
4;5;7,17333333333333;56;17,1466666666667;1;0;0;0;0;0;0;0;0;0;0;0;0;0;0;0;0;0;0;0;0;0;0;0;0;0;162
4;6;7,345;55;16,8933333333333;1;0;0;0;0;0;0;0;0;0;0;0;0;0;0;0;0;0;0;0;0;0;0;0;0;0;200
4;11;1,70819672131148;223;22,9688524590164;0;0;0;0;0;0;0;0;0;0;0;0;0;0;0;0;0;0;0;0;0;0;0;0;0;0;155
4;1;3,3327868852459;56;14,9524590163934;13;0;0;0;0;0;0;0;0;0;0;0;0;0;0;0;0;0;0;0;0;0;0;0;0;0;162
4;5;3,64098360655738;119;16,6639344262295;5;0;0;0;0;0;0;0;0;0;0;0;0;0;0;0;0;0;0;0;0;0;0;0;0;0;177
4;7;5,505;54;16,8266666666667;3;0;0;0;0;0;0;0;0;0;0;0;0;0;0;0;0;0;0;0;0;0;0;0;0;0;200
4;7;3,78852459016393;53;13,2573770491803;10;0;0;0;0;0;0;0;0;0;0;0;0;0;0;0;0;0;0;0;0;0;0;0;0;0;178
4;8;2,18;61;13,755;10;0;0;0;0;0;0;0;0;0;0;0;0;0;0;0;0;0;0;0;0;0;0;0;0;0;176
4;10;2,20508474576271;78;17,4677966101695;10;0;0;0;0;0;0;0;0;0;0;0;0;0;0;0;0;0;0;0;0;0;0;0;0;0;205
4;7;6,78688524590164;36;17,927868852459;4;0;0;0;0;0;0;0;0;0;0;0;0;0;0;0;0;0;0;0;0;0;0;0;0;0;230
4;8;3,44754098360656;130;17,2786885245902;4;0;0;0;0;0;0;0;0;0;0;0;0;0;0;0;0;0;0;0;0;0;0;0;0;0;203
4;10;2,46166666666667;196;20,0383333333333;4;0;0;0;0;0;0;0;0;0;0;0;0;0;0;0;0;0;0;0;0;0;0;0;0;0;160
6;2;8,11333333333333;53;10,3466666666667;14;0;0;0;48;0;0;198,381666666667;0;0;1;0;0;0;0;0;0;0;0;0;0;0;0;0;0;0;161
6;3;8;54;10,2426229508197;14;0;0;0;48,8;0;0;198,127868852459;0;0;1;0;0;0;0;0;0;0;0;0;0;0;0;0;0;0;231
6;4;3,38333333333333;104;9,88333333333333;15;0;0;0;48;0;0;197,8;0;0;0;0;0;0;0;0;0;0;0;0;0;0;0;0;0;0;210
6;9;2,55573770491803;145;10,3032786885246;16;97;0;0;48,7;0;0;209,4;0;1;0;0;1;0;0;0;1;1;0;0;0;0;0;0;0;0;165
6;0;4,56393442622951;85;11,7426229508197;23;0;0;0;0;48,8;0;209,360655737705;1;0;0;0;0;0;0;0;0;0;0;0;0;0;0;0;0;0;218
6;8;7,20833333333333;69;1,28166666666667;14;0;0;0;5,99999999999999;0;0;230,351666666667;1;0;0;0;0;0;0;0;0;0;0;0;0;0;0;0;0;0;161
6;9;6,93770491803279;69;1,47868852459016;13;21;0;0;6,09999999999999;0;0;234,2;1;0;0;1;0;0;0;0;0;0;0;0;0;0;0;0;0;0;194
6;23;5,65081967213115;66;5,10655737704918;7;0;0;0;0;6,09999999999999;0;205,977049180328;0;0;0;0;0;0;0;0;0;0;0;0;0;0;0;0;0;0;236
6;11;10,4131147540984;52;10,6918032786885;3;419;0;0;0;6,09999999999999;0;202,975409836065;1;0;0;1;0;0;0;0;1;1;0;0;0;0;0;0;0;0;198
6;20;4,51475409836066;57;9,55901639344262;4;0;0;0;0;0;6,09999999999999;201,506557377049;0;0;0;0;0;0;0;0;0;0;0;0;0;0;0;0;0;0;233
6;21;4,36;62;9,49;3;0;0;0;0;0;5,99999999999999;201,228333333334;0;0;0;0;0;0;0;0;0;0;0;0;0;0;0;0;0;0;182
6;23;3,58;61;9,55833333333334;3;0;0;0;0;0;5,99999999999999;201,043333333333;0;0;0;0;0;0;0;0;0;0;0;0;0;0;0;0;0;0;167
6;23;6,24098360655738;66;8,46393442622951;4;0;0;0;0;0;0;207,6;0;0;0;0;0;0;0;0;1;0;0;0;0;0;0;0;0;0;177
6;12;3,09508196721312;92;14,6114754098361;1;521;0;0;0;0;0;205,326229508197;0;0;0;0;0;0;0;0;1;1;0;0;0;0;0;0;0;0;219
6;3;5,18688524590164;59;13,4180327868852;2;0;0;0;0;0;0;201,960655737705;0;0;0;0;0;0;0;0;1;0;0;0;0;0;0;0;0;0;157
6;6;6,24666666666667;74;12,7116666666667;4;0;0;0;0;0;0;201,381666666666;0;0;0;0;0;0;0;0;0;0;0;0;0;0;0;0;0;0;212
6;8;4,6;64;12,2704918032787;5;0;0;0;0;0;0;200,911475409836;0;0;0;0;0;0;0;0;1;0;0;0;0;0;0;0;0;0;218
6;9;4,27540983606557;67;12,6409836065574;5;30;0;0;0;0;0;200,685245901639;0;0;0;0;0;0;0;0;1;0;0;0;0;0;0;0;0;0;207
6;0;4,75081967213115;55;10,9950819672131;7;0;0;0;0;0;0;198,129508196721;0;0;0;0;0;0;0;0;0;0;0;0;0;0;0;0;0;0;189
6;3;6,64333333333333;72;13,6;5;0;0;0;0;0;0;197,51;0;0;0;0;0;0;0;0;0;0;0;0;0;0;0;0;0;0;152
6;7;5,88524590163934;66;13,1131147540984;14;0;0;0;0;0;0;196,703278688525;0;0;0;0;0;0;0;0;0;0;0;0;0;0;0;0;0;0;181
6;8;7,09344262295082;73;13,7590163934426;14;2;0;0;0;0;0;207,319672131148;0;0;0;0;0;0;0;0;1;0;0;0;0;0;0;0;0;0;183
6;9;7,03793103448276;73;13,9362068965517;14;41;0;0;0;0;0;210,1;0;0;0;0;0;0;0;0;1;0;0;0;0;0;0;0;0;0;155
6;1;3,87049180327869;61;13,2622950819672;13;0;0;0;0;0;0;204,140983606557;0;0;1;0;0;0;0;0;0;0;0;0;0;0;0;0;0;0;173
6;7;6,61639344262295;55;14,2245901639344;7;0;0;0;0;0;0;197,590163934426;0;0;0;0;0;0;0;0;0;0;0;0;0;0;0;0;0;0;215
6;2;6,78032786885246;65;13,2327868852459;1;0;0;6,09999999999999;0;0;0;201,772131147541;0;0;0;0;1;0;0;0;0;0;0;0;0;0;0;0;0;0;204
6;6;5,72950819672131;58;12,4016393442623;1;0;0;6,09999999999999;0;0;0;200,9;0;0;0;0;1;0;0;0;0;0;0;0;0;0;0;0;0;0;211
6;11;7,12622950819672;59;16,0409836065574;0;420;0;5,4;0,6;0;0;199,991803278689;0;0;1;0;0;0;0;0;0;0;0;0;0;0;0;0;0;0;155
6;21;3,85084745762712;73;13,7847457627119;2;0;0;0;5,9;0;0;197,62372881356;0;0;1;0;0;0;0;0;0;0;0;0;0;0;0;0;0;0;188
6;23;6,73833333333333;65;14,0133333333333;2;0;0;0;5,99999999999999;0;0;197,173333333333;0;0;1;0;0;0;0;0;0;0;0;0;0;0;0;0;0;0;162
6;1;8,6;62;14,0406779661017;2;0;0;0;5,9;0;0;196,498305084746;0;0;1;0;0;0;0;0;0;0;0;0;0;0;0;0;0;0;157
6;2;8,75245901639345;62;13,7967213114754;2;0;0;0;6,09999999999999;0;0;196,090163934426;0;0;1;0;0;0;0;0;0;0;0;0;0;0;0;0;0;0;242
6;6;7,79;63;13,6883333333333;4;0;0;0;5,99999999999999;0;0;194,835;0;0;1;0;0;0;0;0;0;0;0;0;0;0;0;0;0;0;170
6;7;8,16833333333333;66;13,925;4;0;0;0;5,99999999999999;0;0;194,463333333333;0;0;1;0;0;0;0;0;0;0;0;0;0;0;0;0;0;0;199
6;8;8,365;68;14,02;4;3;0;0;5,99999999999999;0;0;208,798333333333;0;0;1;1;1;0;0;0;0;0;0;0;0;0;0;0;0;0;218
6;9;8,02333333333333;65;13,6366666666667;3;20;0;0;5,99999999999999;0;0;212,796666666666;0;0;1;1;1;0;0;0;0;0;0;0;0;0;0;0;0;0;187
6;10;7,31333333333333;69;14,3083333333333;3;221;0;0;5,99999999999999;0;0;212,8;0;0;1;1;1;0;0;0;0;0;0;0;0;0;0;0;0;0;205
6;11;3,76610169491525;149;16,2322033898305;2;384;0;0;5,9;0;0;212,761016949153;0;0;1;0;0;0;0;0;0;0;0;0;0;0;0;0;0;0;156
6;10;4,46166666666667;114;12,46;2;236;0;0;0;5,99999999999999;0;209,773333333334;0;0;0;0;0;0;0;0;0;0;0;0;0;0;0;0;0;0;213
7;0;7,83333333333333;62;9,60166666666667;3;0;0;0;0;0;12;208,706666666667;1;0;0;0;0;0;0;0;0;1;0;0;0;0;0;0;0;0;196
7;1;10,2377049180328;53;9,58032786885246;4;0;0;0;0;0;12,2;208,434426229508;1;0;0;0;0;0;0;0;0;1;0;0;0;0;0;0;0;0;227
7;5;7,80983606557377;76;8,2672131147541;7;0;0;0;0;0;12,2;207,295081967213;0;0;0;0;0;1;1;0;0;1;0;0;0;0;0;0;0;0;154
7;6;6,40491803278688;70;8,16229508196721;9;0;0;0;0;0;12,2;206,983606557377;0;0;0;0;0;1;1;0;0;1;0;0;0;0;0;0;0;0;157
7;7;5,7344262295082;65;8,30491803278689;10;0;0;0;0;0;12,2;206,796721311476;0;0;0;0;0;0;1;0;0;1;0;0;0;0;0;0;0;0;178
7;8;4,80666666666667;69;8,46166666666666;11;0;0;0;0;0;12;206,538333333333;0;0;0;0;0;0;1;0;0;1;0;0;0;0;0;0;0;0;154
7;8;13,2196721311475;53;-2,61475409836065;32;0;48,8;0;36,6;0;0;224,6;0;1;1;0;0;0;0;0;0;0;0;0;0;0;0;0;0;0;183
7;9;13,345;54;-2,60166666666667;31;19;48;0;36;0;0;224,6;0;1;1;0;0;0;0;0;0;0;0;0;0;0;0;0;0;0;187
7;10;12,605;57;-1,66333333333333;31;290;48;0;36;0;0;224,6;0;1;1;0;0;0;0;0;0;0;0;0;0;0;0;0;0;0;207
7;23;11,7271186440678;55;0,00847457627118644;21;0;23,6;47,2;23,6;11,8;0;224,7;0;0;0;0;0;0;0;0;0;0;0;0;0;0;0;0;0;0;164
7;0;11,3766666666667;60;0,0666666666666667;22;0;24;48;24;12;0;224,696666666667;0;0;0;0;0;0;0;0;0;0;0;0;0;0;0;0;0;0;162
7;1;12,0245901639344;58;0,0377049180327869;22;0;24,4;48,8;24,4;12,2;0;224,7;0;0;0;0;0;0;0;0;0;0;0;0;0;0;0;0;0;0;180
7;2;12,4516666666667;52;0,278333333333333;24;0;24;48;24;12;0;224,7;0;0;0;0;0;0;0;0;0;0;0;0;0;0;0;0;0;0;226
7;3;11,2737704918033;53;0,732786885245901;25;0;24,4;48,8;17,7;18,7;0;224,7;1;0;0;0;0;0;0;0;0;0;0;0;0;0;0;0;0;0;182
7;6;10,1916666666667;53;1,07666666666667;27;0;24;48;0;36;0;224,7;1;0;0;0;0;0;0;0;0;0;0;0;0;0;0;0;0;0;163
7;7;8,31833333333333;57;1,09666666666667;27;0;24;48;0;36;0;224,7;1;0;0;0;0;0;0;0;0;0;0;0;0;0;0;0;0;0;167
7;8;7,32950819672131;53;1,20983606557377;26;0;24,4;48,8;0;36,6;0;224,7;1;0;0;0;0;0;0;0;0;0;0;0;0;0;0;0;0;0;162
7;9;9,54166666666667;54;1,98;28;77;24;48;0;36;0;224,7;1;0;1;0;0;1;0;1;0;0;0;0;0;0;0;0;0;0;189
7;10;4,20333333333333;131;3,16166666666667;28;171;24;48;0;36;0;224,643333333334;1;0;1;0;0;1;0;1;0;0;0;0;0;0;0;0;0;0;200
7;19;2,55901639344262;79;3,20327868852459;32;0;0;0;24,4;48,8;30,9;216,072131147541;0;0;0;0;0;0;1;1;0;0;0;0;0;0;0;0;0;0;172
7;20;4,13050847457627;66;4,34237288135593;29;0;0;0;23,6;47,2;23,6;217,013559322034;0;0;0;0;0;0;1;1;0;0;0;0;0;0;0;0;0;0;191
7;22;8,43833333333333;62;6,32166666666667;21;0;0;0;24;48;24;216,4;0;0;0;0;0;0;0;0;0;0;0;0;0;0;0;0;0;0;151
7;1;14,1393442622951;51;7,41147540983606;20;0;0;0;24,4;48,8;24,4;218,618032786885;0;0;0;0;0;0;0;0;0;0;0;0;0;0;0;0;0;0;180
7;11;9,25762711864407;53;10,9813559322034;15;452;0;0;23,6;47,2;0;216,801694915254;0;1;0;1;1;0;0;0;0;0;0;0;0;0;0;0;0;0;182
7;5;11,2131147540984;54;2,25081967213115;19;0;0;0;0;0;0;213,796721311475;1;0;0;1;1;0;0;0;0;0;0;0;0;0;0;0;0;0;188
7;12;7,60338983050848;64;5,93389830508475;19;582;0;0;0;0;0;211,1;1;0;0;0;0;0;1;0;0;0;0;0;0;0;0;0;0;0;192
7;13;6,42166666666667;59;7,01666666666667;19;645;0;0;0;0;0;211,1;1;0;1;0;0;0;1;1;0;0;0;0;0;0;0;0;0;0;213
7;14;3,18666666666667;158;8,075;16;644;0;0;0;0;0;211,1;0;1;1;0;0;0;1;1;0;0;0;0;0;0;0;0;0;0;192
7;19;8,93934426229508;59;6,32459016393442;14;0;6,09999999999999;0;0;0;0;211,08524590164;0;0;0;0;0;1;1;0;0;0;0;0;0;0;0;0;0;0;171
7;20;7,45573770491803;61;6,6327868852459;13;0;6,09999999999999;0;0;0;0;210,772131147541;0;0;0;0;0;1;1;0;0;0;0;0;0;0;0;0;0;0;240
7;3;12,1933333333333;59;8,16833333333333;9;0;5,99999999999999;0;0;0;0;209,436666666666;1;0;0;0;0;0;0;0;0;0;0;0;0;0;0;0;0;0;239
7;7;8,14745762711864;62;9,21864406779661;10;0;5,9;0;0;0;0;207,779661016949;0;0;0;0;0;0;0;0;0;0;0;0;0;0;0;0;0;0;229
7;8;9,57;63;9,37333333333334;10;0;5,99999999999999;0;0;0;0;207,725;0;0;0;0;0;0;0;0;0;0;0;0;0;0;0;0;0;0;196
7;9;8,72459016393443;64;9,16885245901639;10;17;6,09999999999999;0;0;0;0;207,5;0;0;0;0;1;0;0;1;0;0;0;0;0;0;0;0;0;0;222
7;10;7,76229508196721;59;10,2032786885246;11;276;6,09999999999999;0;0;0;0;207,368852459016;0;0;0;0;1;0;0;1;0;0;0;0;0;0;0;0;0;0;154
7;1;8,94262295081968;59;9,42131147540983;13;0;0;6,09999999999999;0;0;0;205,736065573771;1;0;0;0;0;0;0;0;0;0;0;0;0;0;0;0;0;0;178
7;3;7,33770491803279;54;8,98360655737705;14;0;0;6,09999999999999;0;0;0;205,175409836066;1;0;0;1;0;0;0;0;0;0;0;0;0;0;0;0;0;0;183
7;4;7,05737704918033;58;8,65245901639344;15;0;0;6,09999999999999;0;0;0;205,049180327869;1;0;0;1;0;0;0;0;0;0;0;0;0;0;0;0;0;0;181
7;6;6,11147540983607;68;8,93114754098361;15;0;0;6,09999999999999;0;0;0;204,652459016393;1;0;0;0;0;0;1;0;0;0;0;0;0;0;0;0;0;0;189
7;6;10,4459016393443;49;7,98852459016394;22;0;0;0;6,09999999999999;0;0;202,72131147541;0;0;0;1;0;0;0;0;0;0;0;0;0;0;0;0;0;0;210
7;12;9,315;52;10,5083333333333;19;577;0;0;5,99999999999999;0;0;201,381666666666;1;1;0;1;0;0;0;0;0;0;0;0;0;0;0;0;0;0;179
7;9;10,4327868852459;57;10,0262295081967;11;55;0;0;0;6,09999999999999;0;206,3;0;1;0;1;0;0;0;0;0;0;0;0;0;0;0;0;0;0;222
7;10;11,0311475409836;60;10,9655737704918;10;250;0;0;0;6,09999999999999;0;206,280327868852;0;1;0;1;0;0;0;1;0;0;0;0;0;0;0;0;0;0;217
7;11;8,93934426229508;51;12,2901639344262;10;441;0;0;0;6,09999999999999;0;206,250819672131;1;1;0;1;0;0;0;1;0;0;0;0;0;0;0;0;0;0;235
7;23;10,0433333333333;55;11,035;13;0;0;0;0;0;5,99999999999999;203,758333333333;0;0;0;0;0;0;0;0;0;0;0;0;0;0;0;0;0;0;180
7;0;9,9311475409836;60;10,7770491803279;13;0;0;0;0;0;6,09999999999999;203,455737704918;1;0;0;0;0;0;0;0;0;0;0;0;0;0;0;0;0;0;234
7;1;10,6655737704918;57;11,0016393442623;12;0;0;0;0;0;6,09999999999999;203,091803278689;1;0;0;0;0;0;0;0;0;0;0;0;0;0;0;0;0;0;192
7;23;7,95409836065574;58;13,1245901639344;12;0;0;0;0;0;0;197,15737704918;0;0;0;0;0;0;0;0;0;0;0;0;0;0;0;0;0;0;204
7;0;6,52950819672131;47;13,355737704918;12;0;0;0;0;0;0;196,506557377049;0;0;0;0;0;0;0;0;0;0;0;0;0;0;0;0;0;0;163
8;15;1,02622950819672;164;3,12459016393443;80;345;414,1;36,6;347,7;661;2349,1;223,126229508196;0;0;0;0;0;0;0;0;0;0;0;0;0;0;0;0;0;0;178
8;9;6,66229508196721;64;-1,16065573770492;32;49;244;201,3;323,3;19,9;396,5;229,4;0;0;0;0;0;0;0;0;0;0;0;0;0;0;0;0;0;0;158
8;23;10,8836065573771;60;2,16065573770492;24;0;0;244;506,3;36,6;347,7;236,711475409836;0;0;0;0;0;0;0;0;0;0;0;0;0;0;0;0;0;0;230
8;0;10,5295081967213;61;2,4983606557377;23;0;0;244;506,3;36,6;347,7;239,906557377049;0;0;0;0;0;0;0;0;0;0;0;0;0;0;0;0;0;0;246
8;1;8,40163934426229;68;3,68852459016393;22;0;0;244;506,3;36,6;347,7;235,044262295082;0;0;0;0;0;0;0;0;0;0;0;0;0;0;0;0;0;0;188
8;2;5,01639344262295;98;3,60983606557377;25;0;0;244;311,4;226,5;347,7;225,585245901639;0;0;0;0;0;0;0;0;0;0;0;0;0;0;0;0;0;0;160
8;7;3,44262295081967;72;2,90983606557377;30;0;0;244;201,3;323,3;255,3;227,15737704918;0;0;0;0;0;0;0;0;1;0;0;0;0;0;0;0;0;0;239
8;9;2,48524590163934;115;3,12459016393442;32;82;0;244;201,3;323,3;21,1;225,04262295082;0;0;0;0;0;0;0;0;1;0;0;0;0;0;0;0;0;0;169
8;10;2,255;107;4,08666666666667;35;202;0;237,3;200,5;318;18;222,3;0;0;0;0;0;0;0;0;1;0;0;0;0;0;0;0;0;0;180
8;8;4,55737704918033;92;3,98360655737705;29;6;0;0;0;244;201,3;220,744262295082;0;0;0;0;0;0;0;0;0;0;0;0;0;0;0;0;0;0;161
8;3;8,67540983606557;81;7,59344262295082;23;0;0;0;0;0;244;219,7;0;0;0;0;0;0;0;0;0;0;0;0;0;0;0;0;0;0;152
9;7;10,1098360655738;64;14,6475409836066;9;14;0;0;0;6,09999999999999;0;195,662295081967;0;0;0;0;0;0;0;0;0;0;0;0;0;0;0;0;0;0;227
9;8;8,49508196721311;78;15,7180327868852;8;186;0;0;0;6,09999999999999;0;195,075409836065;0;0;0;0;0;0;0;0;0;0;0;0;0;0;0;0;0;0;238
9;9;6,51967213114754;73;18,5065573770492;6;587;0;0;0;6,09999999999999;0;194,791803278688;0;0;0;0;0;0;0;0;0;0;0;0;0;0;0;0;0;0;181
9;1;8,57213114754098;55;16,6704918032787;9;0;0;0;0;0;6,09999999999999;199,3;0;0;0;0;0;0;0;0;0;0;0;0;0;0;0;0;0;0;187
9;2;6,67868852459016;61;16,0475409836065;10;0;0;0;0;0;6,09999999999999;199,291803278688;0;0;0;0;0;0;0;0;0;0;0;0;0;0;0;0;0;0;179
9;5;9,27213114754099;68;15,1639344262295;8;0;0;0;0;0;6,09999999999999;198,503278688524;0;0;0;0;0;0;0;0;0;0;0;0;0;0;0;0;0;0;200
9;6;9,25901639344262;70;15,0213114754098;7;1;0;0;0;0;6,09999999999999;198,137704918033;0;0;0;0;0;0;0;0;0;0;0;0;0;0;0;0;0;0;249
9;7;9,44098360655738;70;14,9180327868852;7;17;0;0;0;0;6,09999999999999;197,772131147541;0;0;0;0;0;0;0;0;0;0;0;0;0;0;0;0;0;0;243
9;8;8,77868852459016;75;15,7147540983607;6;199;0;0;0;0;6,09999999999999;197,329508196721;0;0;0;0;0;0;0;0;0;0;0;0;0;0;0;0;0;0;200
9;1;8,13770491803279;69;14,9688524590164;11;0;0;0;0;0;0;199;0;0;0;0;0;0;0;0;0;0;0;0;0;0;0;0;0;0;155
9;2;8,72459016393442;66;14,5213114754098;10;0;0;0;0;0;0;198,898360655738;0;0;0;0;0;0;0;0;0;0;0;0;0;0;0;0;0;0;187
9;4;9,17213114754099;71;14,055737704918;9;0;0;0;0;0;0;198,137704918033;0;0;0;0;0;0;0;0;0;0;0;0;0;0;0;0;0;0;158
9;6;9,65409836065574;66;14,2344262295082;8;2;0;0;0;0;0;197,355737704918;0;0;0;0;0;0;0;0;0;0;0;0;0;0;0;0;0;0;169
9;7;8,70655737704918;67;14,1327868852459;9;22;0;0;0;0;0;197,032786885246;0;0;0;0;0;0;0;0;0;0;0;0;0;0;0;0;0;0;196
9;8;8,10983606557377;76;14,7622950819672;8;200;0;0;0;0;0;196,539344262295;0;0;0;0;0;0;0;0;0;0;0;0;0;0;0;0;0;0;196
9;23;8,2;53;14,455737704918;16;0;0;0;0;0;0;191,337704918033;0;0;0;0;0;0;0;0;0;0;0;0;0;0;0;0;0;0;221
9;3;10,4032786885246;62;13,4049180327869;15;0;0;0;0;0;0;198,542622950819;0;0;0;0;0;0;0;0;0;1;0;0;0;0;0;0;0;0;227
9;4;10,1934426229508;64;13,2229508196721;14;0;0;0;0;0;0;198,1;0;0;0;0;0;0;0;0;0;1;0;0;0;0;0;0;0;0;165
9;5;10,1327868852459;58;13,1540983606557;14;0;0;0;0;0;0;197,626229508197;0;0;0;0;0;0;0;0;0;0;0;0;0;0;0;0;0;0;223
9;6;8,75409836065574;57;13,1196721311476;13;0;0;0;0;0;0;197,085245901639;0;0;0;0;0;0;0;0;0;0;0;0;0;0;0;0;0;0;222
9;7;8,24262295081967;61;13,3311475409836;13;16;0;0;0;0;0;196,854098360656;0;0;0;0;0;0;0;0;0;0;0;0;0;0;0;0;0;0;203
9;8;4,75737704918033;89;14,6147540983607;10;190;0;0;0;0;0;196,313114754099;0;0;0;0;0;0;0;0;0;0;0;0;0;0;0;0;0;0;233
9;1;10,755737704918;45;13,0852459016393;8;0;0;0;0;0;0;198,8;0;0;0;0;0;0;0;0;0;0;0;0;0;0;0;0;0;0;235
9;6;12,3016393442623;58;13,1573770491803;5;1;0;0;0;0;0;196,280327868852;0;0;0;0;0;0;0;0;0;1;0;0;0;0;0;0;0;0;167
9;7;12,2131147540984;54;13,5475409836066;5;16;0;0;0;0;0;195,645901639344;0;0;0;0;0;0;0;0;0;0;0;0;0;0;0;0;0;0;208
9;8;11,444262295082;55;14,7672131147541;4;221;0;0;0;0;0;195,209836065574;0;0;0;0;0;0;0;0;0;0;0;0;0;0;0;0;0;0;214
9;9;8,12622950819672;63;17,5065573770492;3;611;0;0;0;0;0;194,722950819672;0;0;0;0;0;0;0;0;0;0;0;0;0;0;0;0;0;0;157
9;0;9,33114754098361;49;16,2311475409836;6;2;0;0;0;0;0;198,35737704918;0;0;0;0;0;0;0;0;0;0;0;0;0;0;0;0;0;0;182
9;1;8,53114754098361;62;15,9655737704918;6;0;0;0;0;0;0;199,35737704918;0;0;0;0;0;0;0;0;0;0;0;0;0;0;0;0;0;0;152
9;6;10,9180327868852;55;15,0459016393443;4;1;0;0;0;0;0;197,270491803279;0;0;0;0;0;0;0;0;0;0;0;0;0;0;0;0;0;0;191
9;8;8,93934426229508;55;16,455737704918;3;240;0;0;0;0;0;196,270491803279;0;0;0;0;0;0;0;0;0;0;0;0;0;0;0;0;0;0;248
9;5;9,05573770491803;72;14,8819672131147;10;0;0;0;0;0;0;198,760655737705;0;0;0;0;0;0;0;0;0;0;0;0;0;0;0;0;0;0;153
9;7;9,11475409836066;63;14,7852459016393;9;16;0;0;0;0;0;198,07868852459;0;0;0;0;0;0;0;0;0;0;0;0;0;0;0;0;0;0;169
9;8;7,78852459016394;80;15,5065573770492;8;249;0;0;0;0;0;197,508196721311;0;0;0;0;0;0;0;0;0;0;0;0;0;0;0;0;0;0;162
9;3;9,27213114754098;55;15,3655737704918;8;0;0;0;0;0;0;199,093442622951;0;0;0;0;0;0;0;0;0;0;0;0;0;0;0;0;0;0;164
9;4;8,80983606557377;58;15,1786885245902;7;0;0;0;0;0;0;198,614754098361;0;0;0;0;0;0;0;0;0;0;0;0;0;0;0;0;0;0;166
9;5;8,42131147540984;60;14,9180327868852;7;0;0;0;0;0;0;198,191803278689;0;0;0;0;0;0;0;0;0;0;0;0;0;0;0;0;0;0;158
9;6;9,1655737704918;61;14,8737704918033;7;1;0;0;0;0;0;197,893442622951;0;0;0;0;0;0;0;0;0;0;0;0;0;0;0;0;0;0;170
9;7;10;59;15,1032786885246;6;16;0;0;0;0;0;197,668852459016;0;0;0;0;0;0;0;0;1;1;0;0;0;0;0;0;0;0;171
9;8;7,50491803278689;60;16,0803278688525;6;258;0;0;0;0;0;197,088524590164;0;0;0;0;0;0;0;0;1;1;0;0;0;0;0;0;0;0;156
9;8;4,14262295081967;93;15,4295081967213;7;269;12,2;0;0;0;0;198,4;0;0;0;0;0;0;0;0;0;1;0;0;0;0;0;0;0;0;211
10;8;6,74918032786885;346;11,6049180327869;22;309;0;463,6;0;0;0;201,660655737705;0;0;0;0;1;0;0;0;0;0;0;0;0;0;0;0;0;0;164
10;3;7,49672131147541;69;9,88032786885246;10;0;0;0;0;463,6;0;199,2;0;0;0;0;0;1;1;0;0;0;0;0;0;0;0;0;0;0;185
10;4;6,37704918032787;52;9,74262295081967;9;0;0;0;0;329,7;128,8;199,191803278689;1;0;0;0;0;1;1;0;0;0;0;0;0;0;0;0;0;0;155
10;5;6,71803278688524;53;9,85245901639344;9;0;0;0;0;73,1999999999999;388,2;199,17868852459;1;0;1;0;0;1;1;0;0;0;0;0;0;0;0;0;0;0;152
10;7;6,45737704918033;67;10,1081967213115;8;22;0;0;0;2,3;461,200000000001;198,981967213115;1;0;1;0;0;1;1;0;0;0;0;0;0;0;0;0;0;0;168
10;8;3,67377049180328;185;11,4229508196721;8;282;0;0;0;0;463,6;198,8;1;0;1;0;0;1;1;0;0;0;0;0;0;0;0;0;0;0;162
10;6;12,6852459016393;54;11,5786885245902;8;13;0;0;0;0;21,7;198,7;0;0;0;0;1;0;0;0;0;0;0;0;0;0;0;0;0;0;196
10;7;11,472131147541;56;11,6229508196721;8;28;0;0;0;0;2,3;198,57868852459;1;1;0;0;1;0;0;0;0;0;0;0;0;0;0;0;0;0;176
10;13;3,82786885245902;219;11,6065573770492;13;1065;0;0;0;0;0;198,77868852459;1;0;1;0;0;1;0;0;0;0;0;0;0;0;0;0;0;0;168
10;8;5,09016393442623;123;13,6393442622951;16;557;0;0;0;0;0;198,9;0;0;0;1;1;1;1;0;0;0;0;0;0;0;0;0;0;0;244
10;1;10,6098360655738;42;16,7622950819672;17;0;0;0;0;0;0;199,1;1;1;0;0;0;1;0;0;0;0;0;0;0;0;0;0;0;0;178
10;2;12,1606557377049;43;16,2147540983607;17;0;0;0;0;0;0;199,1;1;0;0;0;0;1;0;0;0;0;0;0;0;0;0;0;0;0;202
10;3;13,455737704918;45;15,844262295082;17;0;0;0;0;0;0;199,081967213115;1;0;0;1;0;1;0;0;0;0;0;0;0;0;0;0;0;0;218
10;4;14,2622950819672;44;15,4147540983606;17;0;0;0;0;0;0;198,622950819672;1;0;0;1;0;1;0;0;0;0;0;0;0;0;0;0;0;0;233
10;6;12,8967213114754;49;14,8704918032787;17;10;2,8;0;0;0;0;197,683606557377;1;0;0;1;0;1;0;1;0;0;0;0;0;0;0;0;0;0;250
10;8;8,36065573770492;69;16,727868852459;15;562;6,09999999999999;0;0;0;0;196,922950819672;1;0;0;1;0;1;0;0;0;0;0;0;0;0;0;0;0;0;188
10;6;11,716393442623;47;15,4491803278688;24;10;3,2;2,9;0;0;0;198,424590163934;0;0;0;1;0;1;1;0;0;0;0;0;0;0;0;0;0;0;206
10;7;10,4393442622951;52;15,4524590163934;23;54;0;6,09999999999999;0;0;0;197,977049180328;0;1;0;1;0;1;1;1;0;0;0;0;0;0;0;0;0;0;184
11;17;2,79836065573771;245;16,0393442622951;23;271;0;0;0;0;0;196,908196721311;0;1;0;0;0;0;0;0;0;0;0;0;0;0;0;0;0;0;225
11;19;1,4;239;12,5032786885246;35;0;0;0;0;0;0;196,063934426229;1;1;0;0;0;0;0;0;0;0;0;0;0;0;0;0;0;0;179
11;1;5,94262295081967;51;18,0590163934426;14;0;0;0;0;0;0;198,6;0;0;0;1;0;0;0;1;0;0;0;0;0;0;0;0;0;0;184
11;2;5,17049180327869;51;17,9098360655738;13;0;0;0;0;0;0;198,6;0;1;0;1;0;0;0;1;1;0;0;0;0;0;0;0;0;0;167
11;6;9,31803278688525;72;17,6114754098361;12;12;0;0;0;0;0;198,488524590164;0;0;0;1;0;0;0;1;0;0;0;0;0;0;0;0;0;0;178
11;2;8,24918032786885;57;19,9295081967213;12;0;0;0;0;0;0;198,644262295082;0;0;1;1;0;0;0;1;0;0;0;0;0;0;0;0;0;0;154
11;4;10,0983606557377;52;18,5524590163934;14;0;0;0;0;0;0;198,595081967213;0;1;0;1;0;0;0;1;0;0;0;0;0;0;0;0;0;0;154
11;5;10,1327868852459;51;17,955737704918;14;0;0;0;0;0;0;198,290163934426;1;1;0;1;0;0;0;1;0;0;0;0;0;0;0;0;0;0;180
11;6;9,62459016393442;58;17,6704918032787;14;12;0;0;0;0;0;197,790163934426;1;1;0;1;0;0;0;1;0;0;0;0;0;0;0;0;0;0;236
11;7;8,27704918032787;65;17,6901639344262;14;78;0;0;0;0;0;197,3;0;1;0;1;0;0;0;1;1;0;0;0;0;0;0;0;0;0;225
11;6;3,71803278688525;71;13,6639344262295;14;12;0;0;0;0;0;198,5;0;1;1;0;0;0;0;0;0;1;0;0;0;0;0;0;0;0;209
11;3;8,81475409836066;51;11,9770491803279;20;0;0;0;0;0;0;198,593442622951;0;1;0;0;0;0;0;0;1;1;0;0;0;0;0;0;0;0;184
12;7;3,55081967213115;55;14,6262295081967;17;76;0;0;0;6,09999999999999;0;198,693442622951;0;0;0;0;0;0;0;0;0;0;0;0;0;0;0;0;0;0;183
12;8;1,00655737704918;142;18,6180327868852;17;553;0;0;0;6,09999999999999;0;198,639344262295;1;0;0;0;0;0;0;0;0;0;0;0;0;0;0;0;0;0;154
12;6;5,55901639344262;65;11,7688524590164;21;13;414,8;0;0;0;0;204,460655737705;0;0;0;0;0;0;0;0;0;0;0;0;0;0;0;0;0;0;190
12;5;9,97377049180328;43;15,8180327868852;18;0;6,09999999999999;414,8;0;0;0;197,308196721312;0;0;0;0;0;0;0;0;0;0;0;0;0;0;0;0;0;0;170
12;7;7,74590163934426;52;15,8573770491803;18;50;6,09999999999999;387,8;26,1;0;0;196,431147540983;0;0;0;0;0;0;0;0;0;0;0;0;0;0;0;0;0;0;155
1;7;3,11967213114754;102;15,9934426229508;14;34;0;0;0;0;6,09999999999999;198,7;0;0;0;0;0;0;0;0;0;0;0;0;0;0;0;0;0;0;181
1;8;1,85409836065574;81;18,5393442622951;13;521;0;0;0;0;6,09999999999999;198,7;0;0;0;0;0;0;0;0;0;0;0;0;0;0;0;0;0;0;175
1;1;3,31803278688525;129;17,0409836065574;19;0;0;6,09999999999999;0;0;0;198,831147540983;0;0;0;0;0;0;0;0;0;0;0;0;0;0;0;0;0;0;169
1;3;4,07704918032787;65;17,4114754098361;5;0;0;6,09999999999999;0;0;0;198,8;0;0;0;0;0;0;0;0;0;0;0;0;0;0;0;0;0;0;168
1;3;4,92622950819672;55;16,7081967213115;7;0;0;0;6,09999999999999;0;0;198,7;0;0;0;0;0;0;0;0;0;0;0;0;0;0;0;0;0;0;236
1;4;4,92622950819672;51;16,5032786885246;6;0;0;0;6,09999999999999;0;0;198,7;0;0;0;0;0;0;0;0;0;0;0;0;0;0;0;0;0;0;153
1;5;5,45901639344262;53;16,8409836065574;5;0;0;0;6,09999999999999;0;0;198,672131147541;0;0;0;0;0;0;0;0;0;0;0;0;0;0;0;0;0;0;156
1;6;4,89016393442623;55;16,9606557377049;5;11;0;0;6,09999999999999;0;0;198,498360655738;0;0;0;0;0;0;0;0;0;0;0;0;0;0;0;0;0;0;177
1;7;3,89672131147541;61;16,5213114754098;6;27;0;0;6,09999999999999;0;0;198,257377049181;0;0;0;0;0;0;0;0;0;0;0;0;0;0;0;0;0;0;177
1;8;1,49508196721311;175;17,8377049180328;35;458;0;0;0;0;0;199,098360655738;0;0;0;0;0;0;0;0;0;0;0;0;0;0;0;0;0;0;151
1;16;3,5016393442623;231;24,7819672131148;27;718;0;0;0;0;0;197,109836065574;0;0;0;0;0;0;0;0;0;0;0;0;0;0;0;0;0;0;208
1;8;2,90491803278689;128;18,0327868852459;15;431;6,09999999999999;0;0;0;0;199,1;0;0;0;0;0;0;0;0;0;0;0;0;0;0;0;0;0;0;152
1;5;2,46885245901639;93;16,4868852459016;16;0;0;6,09999999999999;0;0;0;199;0;0;0;0;0;0;0;0;0;0;0;0;0;0;0;0;0;0;152
1;7;2,95409836065574;63;15,8016393442623;21;31;0;6,09999999999999;0;0;0;199;0;0;0;0;0;0;0;0;0;0;0;0;0;0;0;0;0;0;158
1;6;3,83934426229508;56;15,5016393442623;33;11;0;0;6,09999999999999;0;0;199;0;0;0;0;0;0;0;0;0;0;0;0;0;0;0;0;0;0;159
1;7;3,70491803278688;80;16,6245901639344;24;40;0;0;6,09999999999999;0;0;198,975409836066;0;0;0;0;0;0;0;0;0;0;0;0;0;0;0;0;0;0;164
1;8;1,65737704918033;95;18,0688524590164;25;376;0;0;6,09999999999999;0;0;198,980327868852;0;0;0;0;0;0;0;0;0;0;0;0;0;0;0;0;0;0;176
1;4;2,73770491803279;67;18,3147540983607;34;0;12,2;0;0;6,09999999999999;0;199;0;0;0;0;0;0;0;0;0;0;0;0;0;0;0;0;0;0;154
1;6;7,10327868852459;44;19,3163934426229;25;7;0;0;0;0;0;198,9;0;0;0;0;0;0;0;0;0;0;0;0;0;0;0;0;0;0;205
1;7;8,02459016393443;54;19,6344262295082;25;26;0;0;0;0;0;198,9;0;0;0;0;0;0;0;0;0;0;0;0;0;0;0;0;0;0;213
1;7;2,51666666666667;126;19,9633333333333;24;24;0;0;0;0;0;198,8;0;0;0;0;0;0;0;0;0;0;0;0;0;0;0;0;0;0;151
1;22;1,48032786885246;153;16,5065573770492;72;0;0;0;0;0;0;193,801639344263;0;0;0;0;0;0;0;0;0;0;0;0;0;0;0;0;0;0;156
1;23;0,867213114754098;147;16,5704918032787;72;0;0;0;0;0;0;193,572131147541;0;0;0;0;0;0;0;0;0;0;0;0;0;0;0;0;0;0;162
1;0;1,52459016393443;75;17,6393442622951;65;0;0;0;0;0;0;198,539344262295;0;0;0;0;0;0;0;0;0;0;0;0;0;0;0;0;0;0;166
1;7;1,2;232;15,7049180327869;70;26;0;0;0;0;0;198,8;0;0;0;0;0;0;0;0;0;0;0;0;0;0;0;0;0;0;168
2;8;3,9344262295082;116;17,2;18;336;0;115,9;0;0;0;198,54262295082;0;0;0;0;0;0;0;0;0;0;0;0;0;0;0;0;0;0;157
2;7;4,48688524590164;121;14,9229508196721;26;18;0;0;0;0;0;199,2;0;0;0;0;0;0;0;0;0;0;0;0;0;0;0;0;0;0;236
