1;1;2,16833333333333;62;11,2866666666667;44;0;0;0;0;0;0;0;0;0;0;0;0;0;0;0;0;0;0;0;0;0;0;0;0;0;36
1;2;1,955;61;10,7533333333333;45;0;0;0;0;0;0;0;0;0;0;0;0;0;0;0;0;0;0;0;0;0;0;0;0;0;38
1;3;2,32222222222222;48;10,6462962962963;46;0;0;0;0;0;0;0;0;0;0;0;0;0;0;0;0;0;0;0;0;0;0;0;0;0;32
1;4;1,27118644067797;95;10,6338983050847;42;0;0;0;0;0;0;0;0;0;0;0;0;0;0;0;0;0;0;0;0;0;0;0;0;0;23
1;5;2,60701754385965;47;10,2175438596491;45;0;0;0;0;0;0;0;0;0;0;0;0;0;0;0;0;0;0;0;0;0;0;0;0;0;27
1;6;3,14363636363636;43;10,2745454545455;42;0;0;0;0;0;0;0;0;0;0;0;0;0;0;0;0;0;0;0;0;0;0;0;0;0;35
1;7;2,92542372881356;42;10,6322033898305;38;0;0;0;0;0;0;0;0;0;0;0;0;0;0;0;0;0;0;0;0;0;0;0;0;0;38
1;8;1,89333333333333;99;13,6916666666667;32;0;0;0;0;0;0;0;0;0;0;0;0;0;0;0;0;0;0;0;0;0;0;0;0;0;28
1;9;1,87118644067797;207;17,0559322033898;25;0;0;0;0;0;0;0;0;0;0;0;0;0;0;0;0;0;0;0;0;0;0;0;0;0;4
1;10;2,59152542372881;218;18,6220338983051;20;0;0;0;0;0;0;0;0;0;0;0;0;0;0;0;0;0;0;0;0;0;0;0;0;0;17
1;11;3,29;213;19,4383333333333;19;0;0;0;0;0;0;0;0;0;0;0;0;0;0;0;0;0;0;0;0;0;0;0;0;0;23
1;12;3,68360655737705;214;20,2295081967213;18;0;0;0;0;0;0;0;0;0;0;0;0;0;0;0;0;0;0;0;0;0;0;0;0;0;19
1;13;3,8344262295082;215;20,8426229508197;18;0;0;0;0;0;0;0;0;0;0;0;0;0;0;0;0;0;0;0;0;0;0;0;0;0;15
1;14;4,55245901639344;217;20,8622950819672;21;0;0;0;0;0;0;0;0;0;0;0;0;0;0;0;0;0;0;0;0;0;0;0;0;0;21
1;15;4,39508196721311;219;20,6868852459016;23;0;0;0;0;0;0;0;0;0;0;0;0;0;0;0;0;0;0;0;0;0;0;0;0;0;31
1;16;4,33934426229508;223;20,3639344262295;25;0;0;0;0;0;0;0;0;0;0;0;0;0;0;0;0;0;0;0;0;0;0;0;0;0;25
1;17;3,18852459016393;213;20,0852459016393;26;0;0;0;0;0;0;0;0;0;0;0;0;0;0;0;0;0;0;0;0;0;0;0;0;0;17
1;18;3,37377049180328;220;18,6688524590164;30;0;0;0;0;0;0;0;0;0;0;0;0;0;0;0;0;0;0;0;0;0;0;0;0;0;15
1;19;2,42950819672131;215;16,1639344262295;36;0;0;0;0;0;0;0;0;0;0;0;0;0;0;0;0;0;0;0;0;0;0;0;0;0;23
1;20;1,65245901639344;223;15,1688524590164;43;0;0;0;0;0;0;0;0;0;0;0;0;0;0;0;0;0;0;0;0;0;0;0;0;0;15
1;21;1,65409836065574;64;14,3852459016393;46;0;0;0;0;0;0;0;0;0;0;0;0;0;0;0;0;0;0;0;0;0;0;0;0;0;19
1;22;1,31475409836066;73;13,9868852459016;44;0;0;0;0;0;0;0;0;0;0;0;0;0;0;0;0;0;0;0;0;0;0;0;0;0;26
1;23;2,44754098360656;41;13,6786885245902;45;0;0;0;0;0;0;0;0;0;0;0;0;0;0;0;0;0;0;0;0;0;0;0;0;0;24
1;0;3,15081967213115;39;13,8655737704918;40;0;0;0;0;0;0;0;0;0;0;0;0;0;0;0;0;0;0;0;0;0;0;0;0;0;44
1;1;3,83770491803279;34;13,8655737704918;36;0;0;0;0;0;0;0;0;0;0;0;0;0;0;0;0;0;0;0;0;0;0;0;0;0;114
1;3;4,12786885245902;29;13,5786885245902;33;0;0;0;0;0;0;0;0;0;0;0;0;0;0;0;0;0;0;0;0;0;0;0;0;0;106
1;4;4,05245901639344;27;13,5393442622951;34;0;0;0;0;0;0;0;0;0;0;0;0;0;0;0;0;0;0;0;0;0;0;0;0;0;70
1;5;4,29508196721311;29;13,6967213114754;32;0;0;0;0;0;0;0;0;0;0;0;0;0;0;0;0;0;0;0;0;0;0;0;0;0;51
1;6;4,07049180327869;27;13,7016393442623;31;0;0;0;0;0;0;0;0;0;0;0;0;0;0;0;0;0;0;0;0;0;0;0;0;0;51
1;7;4,05901639344262;38;14,1081967213115;30;0;0;0;0;0;0;0;0;0;0;0;0;0;0;0;0;0;0;0;0;0;0;0;0;0;71
1;8;2,33114754098361;84;17,3426229508197;24;0;0;0;0;0;0;0;0;0;0;0;0;0;0;0;0;0;0;0;0;0;0;0;0;0;55
1;9;1,6344262295082;231;20,7409836065574;18;0;0;0;0;0;0;0;0;0;0;0;0;0;0;0;0;0;0;0;0;0;0;0;0;0;19
1;10;2,75245901639344;204;21,7573770491803;20;0;0;0;0;0;0;0;0;0;0;0;0;0;0;0;0;0;0;0;0;0;0;0;0;0;23
1;11;3,17377049180328;211;21,9311475409836;19;0;0;0;0;0;0;0;0;0;0;0;0;0;0;0;0;0;0;0;0;0;0;0;0;0;23
1;12;3,85901639344262;217;22,8590163934426;17;0;0;0;0;0;0;0;0;0;0;0;0;0;0;0;0;0;0;0;0;0;0;0;0;0;25
1;13;4,04262295081967;222;23,0836065573771;18;0;0;0;0;0;0;0;0;0;0;0;0;0;0;0;0;0;0;0;0;0;0;0;0;0;21
1;14;4,47377049180328;220;22,9409836065574;19;0;0;0;0;0;0;0;0;0;0;0;0;0;0;0;0;0;0;0;0;0;0;0;0;0;31
1;15;4,34426229508197;219;22,7;21;0;0;0;0;0;0;0;0;0;0;0;0;0;0;0;0;0;0;0;0;0;0;0;0;0;26
1;16;4,24918032786885;225;22,0639344262295;24;0;0;0;0;0;0;0;0;0;0;0;0;0;0;0;0;0;0;0;0;0;0;0;0;0;23
1;17;3,84262295081967;221;20,9295081967213;28;0;0;0;0;0;0;0;0;0;0;0;0;0;0;0;0;0;0;0;0;0;0;0;0;0;19
1;18;3,19508196721311;218;19,4950819672131;32;0;0;0;0;0;0;0;0;0;0;0;0;0;0;0;0;0;0;0;0;0;0;0;0;0;24
1;19;2,72295081967213;208;16,6311475409836;38;0;0;0;0;0;0;0;0;0;0;0;0;0;0;0;0;0;0;0;0;0;0;0;0;0;29
1;20;1,83934426229508;209;15,3491803278688;41;0;0;0;0;0;0;0;0;0;0;0;0;0;0;0;0;0;0;0;0;0;0;0;0;0;22
1;21;1,25245901639344;155;14,2803278688525;44;0;0;0;0;0;0;0;0;0;0;0;0;0;0;0;0;0;0;0;0;0;0;0;0;0;18
1;22;1,48852459016393;97;13,8754098360656;46;0;0;0;0;0;0;0;0;0;0;0;0;0;0;0;0;0;0;0;0;0;0;0;0;0;20
1;23;1,59016393442623;115;13,7639344262295;46;0;0;0;0;0;0;0;0;0;0;0;0;0;0;0;0;0;0;0;0;0;0;0;0;0;31
1;0;1,38688524590164;56;13,6639344262295;45;0;0;0;0;0;0;0;0;0;0;0;0;0;0;0;0;0;0;0;0;0;0;0;0;0;25
1;1;1,89016393442623;61;13,2639344262295;46;0;0;0;0;0;0;0;0;0;0;0;0;0;0;0;0;0;0;0;0;0;0;0;0;0;24
1;2;3,22786885245902;42;13,3639344262295;45;0;0;0;0;0;0;0;0;0;0;0;0;0;0;0;0;0;0;0;0;0;0;0;0;0;25
1;3;3,37213114754098;40;13,3016393442623;46;0;0;0;0;0;0;0;0;0;0;0;0;0;0;0;0;0;0;0;0;0;0;0;0;0;25
1;4;3,41803278688525;37;13,0459016393443;46;0;0;0;0;0;0;0;0;0;0;0;0;0;0;0;0;0;0;0;0;0;0;0;0;0;22
1;5;3,61639344262295;37;12,6590163934426;46;0;0;0;0;0;0;0;0;0;0;0;0;0;0;0;0;0;0;0;0;0;0;0;0;0;29
1;6;2,1655737704918;68;12,2672131147541;47;0;0;0;0;0;0;0;0;0;0;0;0;0;0;0;0;0;0;0;0;0;0;0;0;0;42
1;7;3,08360655737705;42;12,2409836065574;47;0;0;0;0;0;0;0;0;0;0;0;0;0;0;0;0;0;0;0;0;0;0;0;0;0;57
1;8;1,58032786885246;61;15,7360655737705;37;0;0;0;0;0;0;0;0;0;0;0;0;0;0;0;0;0;0;0;0;0;0;0;0;0;26
1;9;2,36885245901639;214;17,0622950819672;34;0;0;0;0;0;0;0;0;0;0;0;0;0;0;0;0;0;0;0;0;0;0;0;0;0;22
1;10;2,82131147540984;218;18,4737704918033;32;0;0;0;0;0;0;0;0;0;0;0;0;0;0;0;0;0;0;0;0;0;0;0;0;0;32
1;11;3,03770491803279;219;19,5622950819672;32;0;0;0;0;0;0;0;0;0;0;0;0;0;0;0;0;0;0;0;0;0;0;0;0;0;34
1;12;3,54262295081967;216;20,1262295081967;30;0;0;0;0;0;0;0;0;0;0;0;0;0;0;0;0;0;0;0;0;0;0;0;0;0;29
1;13;3,78524590163934;211;20,7672131147541;30;0;0;0;0;0;0;0;0;0;0;0;0;0;0;0;0;0;0;0;0;0;0;0;0;0;25
1;14;3,82786885245901;213;20,8262295081967;30;0;0;0;0;0;0;0;0;0;0;0;0;0;0;0;0;0;0;0;0;0;0;0;0;0;30
1;15;3,71311475409836;214;20,7606557377049;31;0;0;0;0;0;0;0;0;0;0;0;0;0;0;0;0;0;0;0;0;0;0;0;0;0;30
1;16;3,82295081967213;219;20,4196721311475;33;0;0;0;0;0;0;0;0;0;0;0;0;0;0;0;0;0;0;0;0;0;0;0;0;0;25
1;17;3,62950819672131;215;19,8737704918033;36;0;0;0;0;0;0;0;0;0;0;0;0;0;0;0;0;0;0;0;0;0;0;0;0;0;24
1;18;3,31475409836066;218;18,5573770491803;40;0;0;0;0;0;0;0;0;0;0;0;0;0;0;0;0;0;0;0;0;0;0;0;0;0;25
1;19;2,35081967213115;219;15,5508196721312;52;0;0;0;0;0;0;0;0;0;0;0;0;0;0;0;0;0;0;0;0;0;0;0;0;0;29
1;20;1,04426229508197;176;14,4229508196721;56;0;0;0;0;0;0;0;0;0;0;0;0;0;0;0;0;0;0;0;0;0;0;0;0;0;21
1;21;1,40163934426229;243;13,5606557377049;61;0;0;0;0;0;0;0;0;0;0;0;0;0;0;0;0;0;0;0;0;0;0;0;0;0;20
1;22;1,4344262295082;72;13,1393442622951;62;0;0;0;0;0;0;0;0;0;0;0;0;0;0;0;0;0;0;0;0;0;0;0;0;0;19
1;23;2,02131147540984;96;13,2852459016393;60;0;0;0;0;0;0;0;0;0;0;0;0;0;0;0;0;0;0;0;0;0;0;0;0;0;29
1;0;1,62131147540984;69;13,6508196721311;54;0;0;0;0;0;0;0;0;0;0;0;0;0;0;0;0;0;0;0;0;0;0;0;0;0;32
1;1;2,03606557377049;67;13,8081967213115;46;0;0;0;0;0;0;0;0;0;0;0;0;0;0;0;0;0;0;0;0;0;0;0;0;0;41
1;2;2,33934426229508;65;13,455737704918;43;0;0;0;0;0;0;0;0;0;0;0;0;0;0;0;0;0;0;0;0;0;0;0;0;0;24
1;3;1,94754098360656;52;13,1491803278689;38;0;0;0;0;0;0;0;0;0;0;0;0;0;0;0;0;0;0;0;0;0;0;0;0;0;15
1;4;2,7;41;13,3672131147541;38;0;0;0;0;0;0;0;0;0;0;0;0;0;0;0;0;0;0;0;0;0;0;0;0;0;23
1;5;3,84098360655738;39;13,1803278688525;39;0;0;0;0;0;0;0;0;0;0;0;0;0;0;0;0;0;0;0;0;0;0;0;0;0;19
1;6;2,22950819672131;82;13,016393442623;39;0;0;0;0;0;0;0;0;0;0;0;0;0;0;0;0;0;0;0;0;0;0;0;0;0;32
1;7;3,5327868852459;43;13,3;33;0;0;0;0;0;0;0;0;0;0;0;0;0;0;0;0;0;0;0;0;0;0;0;0;0;53
1;8;1,49180327868852;145;16,2836065573771;32;0;0;0;0;0;0;0;0;0;0;0;0;0;0;0;0;0;0;0;0;0;0;0;0;0;33
1;9;1,93114754098361;224;18,6049180327869;32;0;0;0;0;0;0;0;0;0;0;0;0;0;0;0;0;0;0;0;0;0;0;0;0;0;29
1;10;2,85737704918033;234;19,155737704918;32;0;0;0;0;0;0;0;0;0;0;0;0;0;0;0;0;0;0;0;0;0;0;0;0;0;25
1;11;2,90819672131148;217;21,2377049180328;26;0;0;0;0;0;0;0;0;0;0;0;0;0;0;0;0;0;0;0;0;0;0;0;0;0;22
1;12;3,15573770491803;212;22,3901639344262;20;0;0;0;0;0;0;0;0;0;0;0;0;0;0;0;0;0;0;0;0;0;0;0;0;0;18
1;13;3,75737704918033;209;22,7803278688525;22;0;0;0;0;0;0;0;0;0;0;0;0;0;0;0;0;0;0;0;0;0;0;0;0;0;19
1;14;3,96065573770492;217;22,9606557377049;23;0;0;0;0;0;0;0;0;0;0;0;0;0;0;0;0;0;0;0;0;0;0;0;0;0;28
1;15;3,72131147540984;211;22,4655737704918;25;0;0;0;0;0;0;0;0;0;0;0;0;0;0;0;0;0;0;0;0;0;0;0;0;0;32
1;16;3,80819672131147;210;21,8459016393443;29;0;0;0;0;0;0;0;0;0;0;0;0;0;0;0;0;0;0;0;0;0;0;0;0;0;28
1;17;3,55245901639344;216;20,9081967213115;33;0;0;0;0;0;0;0;0;0;0;0;0;0;0;0;0;0;0;0;0;0;0;0;0;0;24
1;18;3,20327868852459;216;19,7672131147541;36;0;0;0;0;0;0;0;0;0;0;0;0;0;0;0;0;0;0;0;0;0;0;0;0;0;24
1;19;1,75409836065574;236;16,816393442623;46;0;0;0;0;0;0;0;0;0;0;0;0;0;0;0;0;0;0;0;0;0;0;0;0;0;31
1;20;1,16065573770492;182;15,7377049180328;50;0;0;0;0;0;0;0;0;0;0;0;0;0;0;0;0;0;0;0;0;0;0;0;0;0;21
1;21;1,70491803278689;89;14,8836065573771;53;0;0;0;0;0;0;0;0;0;0;0;0;0;0;0;0;0;0;0;0;0;0;0;0;0;23
1;22;1,31475409836066;138;14,4918032786885;55;0;0;0;0;0;0;0;0;0;0;0;0;0;0;0;0;0;0;0;0;0;0;0;0;0;27
1;23;1,52295081967213;81;14,0639344262295;56;0;0;0;0;0;0;0;0;0;0;0;0;0;0;0;0;0;0;0;0;0;0;0;0;0;21
1;0;1,73934426229508;68;13,0098360655738;60;0;0;0;0;0;0;0;0;0;0;0;0;0;0;0;0;0;0;0;0;0;0;0;0;0;26
1;1;2,28360655737705;88;13,1409836065574;57;0;0;0;0;0;0;0;0;0;0;0;0;0;0;0;0;0;0;0;0;0;0;0;0;0;28
1;2;3,03606557377049;102;14,6065573770492;43;0;0;0;0;0;0;0;0;0;0;0;0;0;0;0;0;0;0;0;0;0;0;0;0;0;41
1;3;3,19508196721311;47;13,0393442622951;49;0;0;0;0;0;0;0;0;0;0;0;0;0;0;0;0;0;0;0;0;0;0;0;0;0;40
1;4;3,49508196721311;31;14,1;36;0;0;0;0;0;0;0;0;0;0;0;0;0;0;0;0;0;0;0;0;0;0;0;0;0;57
1;5;2,55901639344262;81;13,4327868852459;37;0;0;0;0;0;0;0;0;0;0;0;0;0;0;0;0;0;0;0;0;0;0;0;0;0;68
1;6;2,69508196721312;63;12,6918032786885;39;0;0;0;0;0;0;0;0;0;0;0;0;0;0;0;0;0;0;0;0;0;0;0;0;0;80
1;7;2,05409836065574;50;13,1639344262295;35;0;0;0;0;0;0;0;0;0;0;0;0;0;0;0;0;0;0;0;0;0;0;0;0;0;120
1;8;1,37049180327869;141;16,3967213114754;34;0;0;0;0;0;0;0;0;0;0;0;0;0;0;0;0;0;0;0;0;0;0;0;0;0;84
1;9;2,43114754098361;214;17,4688524590164;41;0;0;0;0;0;0;0;0;0;0;0;0;0;0;0;0;0;0;0;0;0;0;0;0;0;41
1;10;2,70655737704918;209;18,4262295081967;36;0;0;0;0;0;0;0;0;0;0;0;0;0;0;0;0;0;0;0;0;0;0;0;0;0;32
1;11;3,21639344262295;208;19,816393442623;31;0;0;0;0;0;0;0;0;0;0;0;0;0;0;0;0;0;0;0;0;0;0;0;0;0;18
1;12;3,30327868852459;210;20,7639344262295;30;0;0;0;0;0;0;0;0;0;0;0;0;0;0;0;0;0;0;0;0;0;0;0;0;0;22
1;13;4,09836065573771;218;21,3295081967213;29;0;0;0;0;0;0;0;0;0;0;0;0;0;0;0;0;0;0;0;0;0;0;0;0;0;23
1;14;4,07377049180328;209;21,1;30;0;0;0;0;0;0;0;0;0;0;0;0;0;0;0;0;0;0;0;0;0;0;0;0;0;36
1;15;4,13770491803279;213;20,6950819672131;33;0;0;0;0;0;0;0;0;0;0;0;0;0;0;0;0;0;0;0;0;0;0;0;0;0;34
1;16;3,92131147540984;218;20,4393442622951;35;0;0;0;0;0;0;0;0;0;0;0;0;0;0;0;0;0;0;0;0;0;0;0;0;0;32
1;17;3,62786885245902;213;19,7147540983606;39;0;0;0;0;0;0;0;0;0;0;0;0;0;0;0;0;0;0;0;0;0;0;0;0;0;23
1;18;3,31803278688525;219;18,6245901639344;44;0;0;0;0;0;0;0;0;0;0;0;0;0;0;0;0;0;0;0;0;0;0;0;0;0;26
1;19;2,14262295081967;220;15,5065573770492;57;0;0;0;0;0;0;0;0;0;0;0;0;0;0;0;0;0;0;0;0;0;0;0;0;0;37
1;20;1,11639344262295;235;14,1409836065574;65;0;0;0;0;0;0;0;0;0;0;0;0;0;0;0;0;0;0;0;0;0;0;0;0;0;27
1;21;1,19016393442623;84;13,4016393442623;69;0;0;0;0;0;0;0;0;0;0;0;0;0;0;0;0;0;0;0;0;0;0;0;0;0;22
1;22;1,11967213114754;113;13,5754098360656;66;0;0;0;0;0;0;0;0;0;0;0;0;0;0;0;0;0;0;0;0;0;0;0;0;0;22
1;23;1,74754098360656;57;13,5590163934426;64;0;0;0;0;0;0;0;0;0;0;0;0;0;0;0;0;0;0;0;0;0;0;0;0;0;22
1;0;1,9;72;13,2540983606557;64;0;0;0;0;0;0;0;0;0;0;0;0;0;0;0;0;0;0;0;0;0;0;0;0;0;32
1;1;1,77377049180328;100;12,8655737704918;62;0;0;0;0;0;0;0;0;0;0;0;0;0;0;0;0;0;0;0;0;0;0;0;0;0;41
1;2;2,18524590163934;67;12,6639344262295;62;0;0;0;0;0;0;0;0;0;0;0;0;0;0;0;0;0;0;0;0;0;0;0;0;0;31
1;3;2,91803278688524;37;12,9704918032787;48;0;0;0;0;0;0;0;0;0;0;0;0;0;0;0;0;0;0;0;0;0;0;0;0;0;49
1;5;1,19180327868852;131;11,3918032786885;62;0;0;0;0;0;0;0;0;0;0;0;0;0;0;0;0;0;0;0;0;0;0;0;0;0;125
1;6;3,04590163934426;43;11,6393442622951;46;0;0;0;0;0;0;0;0;0;0;0;0;0;0;0;0;0;0;0;0;0;0;0;0;0;61
1;7;2,18524590163934;48;12,444262295082;28;0;0;0;0;0;0;0;0;0;0;0;0;0;0;0;0;0;0;0;0;0;0;0;0;0;136
5;8;2,09836065573771;45;6,03606557377049;43;0;0;0;0;0;0;0;0;0;0;0;0;0;0;0;0;0;0;0;0;0;0;0;0;0;52
5;9;1,71803278688525;52;6,85409836065574;39;0;0;0;0;0;0;0;0;0;0;0;0;0;0;0;0;0;0;0;0;0;0;0;0;0;49
5;10;1,39508196721311;79;6,68196721311475;40;0;0;0;0;0;0;0;0;0;0;0;0;0;0;0;0;0;0;0;0;0;0;0;0;0;51
5;11;1,29180327868852;237;8,11311475409836;35;0;0;0;0;0;0;0;0;0;0;0;0;0;0;0;0;0;0;0;0;0;0;0;0;0;27
5;12;1,96393442622951;244;9,51967213114754;35;0;0;0;0;0;0;0;0;0;0;0;0;0;0;0;0;0;0;0;0;0;0;0;0;0;8
5;13;2,46393442622951;211;11,1737704918033;32;0;0;0;0;0;0;0;0;0;0;0;0;0;0;0;0;0;0;0;0;0;0;0;0;0;4
5;14;2,31803278688525;246;10,7622950819672;34;0;0;0;0;0;0;0;0;0;0;0;0;0;0;0;0;0;0;0;0;0;0;0;0;0;24
5;15;2,18852459016393;223;8,84426229508197;37;0;0;0;0;0;0;0;0;0;0;0;0;0;0;0;0;0;0;0;0;0;0;0;0;0;30
5;16;1,91311475409836;222;8,17213114754098;39;0;0;0;0;0;0;0;0;0;0;0;0;0;0;0;0;0;0;0;0;0;0;0;0;0;30
5;17;1,71803278688525;178;8,22295081967213;37;0;0;0;0;0;0;0;0;0;0;0;0;0;0;0;0;0;0;0;0;0;0;0;0;0;17
5;18;3,33934426229508;122;10,1655737704918;27;0;0;0;0;0;0;0;0;0;0;0;0;0;0;0;0;0;0;0;0;0;0;0;0;0;28
5;19;1,75573770491803;94;7,96557377049181;35;0;0;0;0;0;0;0;0;0;0;0;0;0;0;0;0;0;0;0;0;0;0;0;0;0;31
5;20;4,10327868852459;70;11,2196721311475;15;0;0;0;0;0;0;0;0;0;0;0;0;0;0;0;0;0;0;0;0;0;0;0;0;0;32
5;21;1,29508196721311;168;8,95245901639344;26;0;0;0;0;0;0;0;0;0;0;0;0;0;0;0;0;0;0;0;0;0;0;0;0;0;36
5;22;1,8;74;9,65901639344263;20;0;0;0;0;0;0;0;0;0;0;0;0;0;0;0;0;0;0;0;0;0;0;0;0;0;33
5;23;1,53606557377049;77;8,91147540983606;22;0;0;0;0;0;0;0;0;0;0;0;0;0;0;0;0;0;0;0;0;0;0;0;0;0;22
5;0;2,48196721311475;48;8,60491803278688;23;0;0;0;0;0;0;0;0;0;0;0;0;0;0;0;0;0;0;0;0;0;0;0;0;0;17
5;1;1,87049180327869;47;8,07540983606557;24;0;0;0;0;0;0;0;0;0;0;0;0;0;0;0;0;0;0;0;0;0;0;0;0;0;9
5;2;2,32622950819672;43;7,81803278688525;25;0;0;0;0;0;0;0;0;0;0;0;0;0;0;0;0;0;0;0;0;0;0;0;0;0;9
5;3;3,35737704918033;41;7,21475409836065;27;0;0;0;0;0;0;0;0;0;0;0;0;0;0;0;0;0;0;0;0;0;0;0;0;0;15
5;4;3,00819672131148;45;7,03114754098361;27;0;0;0;0;0;0;0;0;0;0;0;0;0;0;0;0;0;0;0;0;0;0;0;0;0;12
5;5;3,32295081967213;43;6,78196721311476;28;0;0;0;0;0;0;0;0;0;0;0;0;0;0;0;0;0;0;0;0;0;0;0;0;0;26
5;6;2,9344262295082;44;6,75901639344262;28;0;0;0;0;0;0;0;0;0;0;0;0;0;0;0;0;0;0;0;0;0;0;0;0;0;20
5;7;2,29672131147541;58;6,76065573770491;28;0;0;0;0;0;0;0;0;0;0;0;0;0;0;0;0;0;0;0;0;0;0;0;0;0;33
5;8;1,97213114754098;67;7,23442622950819;26;0;0;0;0;0;0;0;0;0;0;0;0;0;0;0;0;0;0;0;0;0;0;0;0;0;50
5;9;1,59508196721312;143;10,4508196721312;20;0;0;0;0;0;0;0;0;0;0;0;0;0;0;0;0;0;0;0;0;0;0;0;0;0;23
5;10;1,39180327868852;230;12,5852459016393;17;0;0;0;0;0;0;0;0;0;0;0;0;0;0;0;0;0;0;0;0;0;0;0;0;0;12
5;11;1,9655737704918;244;13,244262295082;17;0;0;0;0;0;0;0;0;0;0;0;0;0;0;0;0;0;0;0;0;0;0;0;0;0;9
5;12;2,11803278688525;252;14,583606557377;16;0;0;0;0;0;0;0;0;0;0;0;0;0;0;0;0;0;0;0;0;0;0;0;0;0;10
5;13;2,28360655737705;243;15,5688524590164;16;0;0;0;0;0;0;0;0;0;0;0;0;0;0;0;0;0;0;0;0;0;0;0;0;0;20
5;14;2,12459016393443;257;14,9262295081967;17;0;0;0;0;0;0;0;0;0;0;0;0;0;0;0;0;0;0;0;0;0;0;0;0;0;20
5;15;1,62295081967213;241;11,8868852459016;21;0;0;0;0;0;0;0;0;0;0;0;0;0;0;0;0;0;0;0;0;0;0;0;0;0;28
5;16;2,00819672131148;106;11,2852459016393;22;0;0;0;0;0;0;0;0;0;0;0;0;0;0;0;0;0;0;0;0;0;0;0;0;0;13
5;17;2,53934426229508;98;10,9262295081967;23;0;0;0;0;0;0;0;0;0;0;0;0;0;0;0;0;0;0;0;0;0;0;0;0;0;22
5;18;2,72622950819672;64;10,0049180327869;26;0;0;0;0;0;0;0;0;0;0;0;0;0;0;0;0;0;0;0;0;0;0;0;0;0;56
5;19;2,79344262295082;58;10,244262295082;26;0;0;0;0;0;0;0;0;0;0;0;0;0;0;0;0;0;0;0;0;0;0;0;0;0;53
5;20;2,02131147540984;55;9,92950819672131;26;0;0;0;0;0;0;0;0;0;0;0;0;0;0;0;0;0;0;0;0;0;0;0;0;0;55
5;21;4,10819672131148;74;11,7;22;0;0;0;0;0;0;0;0;0;0;0;0;0;0;0;0;0;0;0;0;0;0;0;0;0;69
12;4;7,59;38;12,7366666666667;5;0;0;0;0;12;0;201,26;0;0;0;0;0;0;0;0;0;0;0;0;0;0;0;0;0;0;101
12;5;7,84098360655738;41;12,7327868852459;5;0;0;0;0;12,2;0;200,826229508197;0;0;0;0;0;0;0;0;0;0;0;0;0;0;0;0;0;0;147
12;8;1,4344262295082;215;16,7688524590164;9;632;0;0;0;12,2;0;206,485245901639;0;0;0;0;0;0;0;0;0;0;0;0;0;0;0;0;0;0;88
12;9;2,28688524590164;213;18,3032786885246;6;841;0;0;0;12,2;0;206,4;0;0;0;0;0;0;0;0;0;0;0;0;0;0;0;0;0;0;0
12;10;2,66;216;19,5416666666667;8;1003;0;0;0;12;0;206,4;0;0;0;0;0;0;0;0;0;0;0;0;0;0;0;0;0;0;0
12;11;3,1344262295082;220;20,4983606557377;8;1101;0;0;0;12,2;0;206,4;0;0;0;0;0;0;0;0;0;0;0;0;0;0;0;0;0;0;1
12;12;3,94333333333333;229;20,62;10;1128;0;0;0;10,9;0,9;206,4;0;0;0;0;0;0;0;0;0;0;0;0;0;0;0;0;0;0;11
12;13;4,08833333333333;232;20,8933333333333;13;1100;0;0;0;0;12;206,158333333333;0;0;0;0;0;0;0;0;0;0;0;0;0;0;0;0;0;0;15
12;14;4,09180327868852;230;20,9754098360656;14;1014;5,1;0;0;0;12,2;205,416393442623;0;0;0;0;0;0;0;0;0;0;0;0;0;0;0;0;0;0;14
12;15;3,82166666666667;232;20,8816666666667;15;865;5,99999999999999;0;0;0;12;205,128333333333;0;0;0;0;0;0;0;0;0;0;0;0;0;0;0;0;0;0;23
12;16;4,05081967213115;233;20,3311475409836;16;665;6,09999999999999;0;0;0;12,2;204,667213114754;0;0;0;0;0;0;0;0;0;0;0;0;0;0;0;0;0;0;21
12;17;3,59833333333333;230;19,4766666666667;19;436;5,99999999999999;0;0;0;12;203,751666666667;0;0;0;0;0;0;0;0;0;0;0;0;0;0;0;0;0;0;21
12;18;2,79344262295082;227;17,3606557377049;24;118;6,09999999999999;0;0;0;12,2;203,018032786885;0;0;0;0;0;0;0;0;0;0;0;0;0;0;0;0;0;0;19
12;19;1,9672131147541;223;14,9459016393443;30;8;6,09999999999999;0;0;0;12,2;201,988524590164;0;0;0;0;0;0;0;0;0;0;0;0;0;0;0;0;0;0;34
12;20;1,325;124;13,9116666666667;33;0;5,99999999999999;0;0;0;12;201,84;0;0;0;0;0;0;0;0;0;0;0;0;0;0;0;0;0;0;30
12;21;1,89180327868852;90;13,2049180327869;35;0;6,09999999999999;0;0;0;12,2;201,840983606557;0;0;0;0;0;0;0;0;0;0;0;0;0;0;0;0;0;0;48
12;22;2,78333333333333;52;12,837037037037;35;0;5,4;0;0;0;10,8;201,646296296296;0;0;0;0;0;0;0;0;0;0;0;0;0;0;0;0;0;0;77
12;23;2,68833333333333;53;12,9166666666667;33;0;5,99999999999999;0;0;0;12;201,326666666667;0;0;0;0;0;0;0;0;0;0;0;0;0;0;0;0;0;0;89
12;0;3,14754098360656;52;12,5;33;0;6,09999999999999;0;0;0;12,2;201,127868852459;0;0;0;0;0;0;0;0;0;0;0;0;0;0;0;0;0;0;65
12;1;3,82321428571429;47;12,2875;31;0;5,6;0;0;0;11,2;200,880357142857;0;0;0;0;0;0;0;0;0;0;0;0;0;0;0;0;0;0;73
12;2;3,68305084745763;51;12,1508474576271;28;0;5,9;0;0;0;11,8;200,542372881356;0;0;0;0;0;0;0;0;0;0;0;0;0;0;0;0;0;0;63
12;3;3,04918032786885;51;11,9655737704918;27;0;6,09999999999999;0;0;0;12,2;200,260655737705;0;0;0;0;0;0;0;0;0;0;0;0;0;0;0;0;0;0;70
12;4;3,00327868852459;54;11,8393442622951;26;0;6,09999999999999;0;0;0;12,2;200,016393442623;0;0;0;0;0;0;0;0;0;0;0;0;0;0;0;0;0;0;83
12;5;3,73114754098361;51;11,616393442623;22;5;6,09999999999999;0;0;0;12,2;199,877049180328;0;0;0;0;0;0;0;0;0;0;0;0;0;0;0;0;0;0;113
12;8;2,41475409836066;47;16,2229508196721;14;607;6,09999999999999;0;0;0;12,2;206,080327868853;0;0;0;0;0;0;0;0;0;0;0;0;0;0;0;0;0;0;126
12;9;2,27377049180328;157;19,4163934426229;10;833;6,09999999999999;0;0;0;12,2;206,068852459017;0;0;0;0;0;0;0;0;0;0;0;0;0;0;0;0;0;0;65
12;10;2,3;215;20,8440677966102;9;997;5,9;0;0;0;11,8;206,04406779661;0;0;0;0;0;0;0;0;0;0;0;0;0;0;0;0;0;0;3
12;11;2,96393442622951;220;22,0836065573771;8;1099;6,09999999999999;0;0;0;12,2;206;0;0;0;0;0;0;0;0;0;0;0;0;0;0;0;0;0;0;0
12;12;3,44;231;22,56;7;1135;5,99999999999999;0;0;0;12;206,055;0;0;0;0;0;0;0;0;0;0;0;0;0;0;0;0;0;0;8
12;13;3,36229508196721;234;23,3934426229508;6;1115;6,09999999999999;0;0;0;3,9;206,029508196721;0;0;0;0;0;0;0;0;0;0;0;0;0;0;0;0;0;0;5
12;14;3,13833333333333;236;23,47;7;1028;3,2;2,8;0;0;0;206;0;0;0;0;0;0;0;0;0;0;0;0;0;0;0;0;0;0;7
12;15;3,42622950819672;223;23,2262295081967;10;875;0;6,09999999999999;0;0;0;205,665573770492;0;0;0;0;0;0;0;0;0;0;0;0;0;0;0;0;0;0;12
12;16;2,98852459016393;225;23,1311475409836;11;676;0;6,09999999999999;0;0;0;205,126229508197;0;0;0;0;0;0;0;0;0;0;0;0;0;0;0;0;0;0;14
12;17;2,785;230;22,1483333333333;14;427;0;5,99999999999999;0;0;0;204,373333333333;0;0;0;0;0;0;0;0;0;0;0;0;0;0;0;0;0;0;33
12;18;2,57966101694915;227;20,235593220339;18;131;0;5,9;0;0;0;203,783050847458;0;0;0;0;0;0;0;0;0;0;0;0;0;0;0;0;0;0;28
12;19;1,33934426229508;194;17,5524590163934;28;7;0;6,09999999999999;0;0;0;203,308196721311;0;0;0;0;0;0;0;0;0;0;0;0;0;0;0;0;0;0;33
12;20;2,12950819672131;104;16,7147540983607;28;0;0;6,09999999999999;0;0;0;202,972131147541;0;0;0;0;0;0;0;0;0;0;0;0;0;0;0;0;0;0;49
12;21;2,20491803278689;58;16,1262295081967;28;0;0;6,09999999999999;0;0;0;202,545901639344;0;0;0;0;0;0;0;0;0;0;0;0;0;0;0;0;0;0;94
12;22;0,89344262295082;157;16,2393442622951;25;0;0;6,09999999999999;0;0;0;202,195081967213;0;0;0;0;0;0;0;0;0;0;0;0;0;0;0;0;0;0;81
12;9;2,15737704918033;224;23,9803278688525;2;814;0;6,09999999999999;0;0;0;205,927868852459;0;0;0;0;0;0;0;0;0;0;0;0;0;0;0;0;0;0;47
12;10;2,5016393442623;228;24,7311475409836;3;997;0;6,09999999999999;0;0;0;205,9;0;0;0;0;0;0;0;0;0;0;0;0;0;0;0;0;0;0;19
12;11;2,99666666666666;228;25,5483333333333;2;1100;0;5,99999999999999;0;0;0;205,9;0;0;0;0;0;0;0;0;0;0;0;0;0;0;0;0;0;0;17
12;12;3,09508196721311;224;26,2967213114754;3;1138;0;6,09999999999999;0;0;0;205,9;0;0;0;0;0;0;0;0;0;0;0;0;0;0;0;0;0;0;12
12;13;3,3983606557377;223;26,6393442622951;3;1117;0;6,09999999999999;0;0;0;205,885245901639;0;0;0;0;0;0;0;0;0;0;0;0;0;0;0;0;0;0;13
12;14;3,3344262295082;214;26,372131147541;6;1022;0;4;2;0;0;205,193442622951;0;0;0;0;0;0;0;0;0;0;0;0;0;0;0;0;0;0;24
12;15;3,77;217;25,935;9;873;0;0;5,99999999999999;0;0;204,625;0;0;0;0;0;0;0;0;0;0;0;0;0;0;0;0;0;0;17
12;16;3,38196721311475;226;25,7196721311475;12;671;0;0;6,09999999999999;0;0;203,906557377049;0;0;0;0;0;0;0;0;0;0;0;0;0;0;0;0;0;0;25
12;17;3,20491803278689;226;25,0049180327869;15;443;0;0;6,09999999999999;0;0;203,068852459017;0;0;0;0;0;0;0;0;0;0;0;0;0;0;0;0;0;0;25
12;18;2,24918032786885;237;22,5016393442623;22;133;0;0;6,09999999999999;0;0;202,586885245902;0;0;0;0;0;0;0;0;0;0;0;0;0;0;0;0;0;0;35
12;19;1,88813559322034;121;19,9169491525424;30;8;0;0;5,9;0;0;201,93220338983;0;0;0;0;0;0;0;0;0;0;0;0;0;0;0;0;0;0;54
12;20;2,22372881355932;63;20,0864406779661;22;0;0;0;5,9;0;0;201,48813559322;0;0;0;0;0;0;0;0;0;0;0;0;0;0;0;0;0;0;71
12;21;3,38032786885246;50;20,4;13;0;0;0;6,09999999999999;0;0;201,134426229508;0;0;0;0;0;0;0;0;0;0;0;0;0;0;0;0;0;0;58
12;22;3,90819672131148;45;20,0032786885246;12;0;0;0;6,09999999999999;0;0;200,526229508197;0;0;0;0;0;0;0;0;0;0;0;0;0;0;0;0;0;0;24
12;23;3,77704918032787;44;20,1032786885246;11;0;0;0;6,09999999999999;0;0;199,9;0;0;0;0;0;0;0;0;0;0;0;0;0;0;0;0;0;0;21
12;0;4,93606557377049;35;19,472131147541;12;0;0;0;6,09999999999999;0;0;199,652459016393;0;0;0;0;0;0;0;0;0;0;0;0;0;0;0;0;0;0;26
12;1;4,88833333333333;39;18,68;13;0;0;0;5,99999999999999;0;0;199,026666666666;0;0;0;0;0;0;0;0;0;0;0;0;0;0;0;0;0;0;39
12;2;4,86333333333333;35;18,2283333333333;13;0;0;0;5,99999999999999;0;0;198,558333333333;0;0;0;0;0;0;0;0;0;0;0;0;0;0;0;0;0;0;35
12;3;4,61475409836066;37;17,7819672131148;13;0;0;0;6,09999999999999;0;0;198,149180327869;0;0;0;0;0;0;0;0;0;0;0;0;0;0;0;0;0;0;33
12;4;4,57833333333333;33;17,3283333333333;13;0;0;0;5,99999999999999;0;0;197,741666666667;0;0;0;0;0;0;0;0;0;0;0;0;0;0;0;0;0;0;36
12;5;4,62131147540984;40;17,5245901639344;12;0;0;0;6,09999999999999;0;0;197,491803278688;0;0;0;0;0;0;0;0;0;0;0;0;0;0;0;0;0;0;49
12;6;5,24918032786885;46;18,244262295082;11;16;0;0;6,09999999999999;0;0;197,188524590164;0;0;0;0;0;0;0;0;0;0;0;0;0;0;0;0;0;0;38
12;7;4,60819672131148;40;17,7377049180328;13;127;0;0;6,09999999999999;0;0;205,532786885246;0;0;0;0;0;0;0;0;0;0;0;0;0;0;0;0;0;0;69
12;8;2,59180327868853;149;20,8688524590164;11;614;0;0;6,09999999999999;0;0;206,091803278689;0;0;0;0;0;0;0;0;0;0;0;0;0;0;0;0;0;0;91
12;9;2,06885245901639;233;20,8918032786885;17;822;0;0;6,09999999999999;0;0;206,1;0;0;0;0;0;0;0;0;0;0;0;0;0;0;0;0;0;0;13
12;10;3,04833333333333;236;19,9716666666667;27;985;0;0;5,99999999999999;0;0;206,1;0;0;0;0;0;0;0;0;0;0;0;0;0;0;0;0;0;0;39
12;11;3,18032786885246;229;21,872131147541;24;1082;0;0;6,09999999999999;0;0;206,1;0;0;0;0;0;0;0;0;0;0;0;0;0;0;0;0;0;0;33
12;12;3,46166666666667;230;22,4;25;1109;0;0;5,99999999999999;0;0;206,048333333333;0;0;0;0;0;0;0;0;0;0;0;0;0;0;0;0;0;0;33
12;13;3,39016393442623;235;22,8803278688525;19;1094;0;0;6,09999999999999;0;0;206;0;0;0;0;0;0;0;0;0;0;0;0;0;0;0;0;0;0;38
12;14;3,60819672131148;230;22,727868852459;21;1006;1,6;0;5;1;0;205,86393442623;0;0;0;0;0;0;0;0;0;0;0;0;0;0;0;0;0;0;62
12;16;3,26333333333333;226;22,21;21;668;12;0;0;5,99999999999999;0;204,695;0;0;0;0;0;0;0;0;0;0;0;0;0;0;0;0;0;0;144
12;17;3,51147540983607;227;20,7573770491803;25;434;12,2;0;0;6,09999999999999;0;203,767213114754;0;0;0;0;0;0;0;0;0;0;0;0;0;0;0;0;0;0;40
12;18;2,5327868852459;232;18,672131147541;34;139;12,2;0;0;6,09999999999999;0;203,03606557377;0;0;0;0;0;0;0;0;0;0;0;0;0;0;0;0;0;0;49
12;19;1,16885245901639;216;15,9049180327869;47;11;12,2;0;0;6,09999999999999;0;202,649180327869;0;0;0;0;0;0;0;0;0;0;0;0;0;0;0;0;0;0;57
12;20;1,03333333333333;119;14,8766666666667;52;0;12;0;0;5,99999999999999;0;202,345;0;0;0;0;0;0;0;0;0;0;0;0;0;0;0;0;0;0;51
12;21;1,6655737704918;93;14,5016393442623;52;0;12,2;0;0;6,09999999999999;0;202,119672131148;0;0;0;0;0;0;0;0;0;0;0;0;0;0;0;0;0;0;57
12;22;2,77049180327869;51;14,9196721311475;42;0;12,2;0;0;6,09999999999999;0;201,890163934426;0;0;0;0;0;0;0;0;0;0;0;0;0;0;0;0;0;0;73
12;23;3,09672131147541;52;14,9770491803279;33;0;12,2;0;0;6,09999999999999;0;201,542622950819;0;0;0;0;0;0;0;0;0;0;0;0;0;0;0;0;0;0;83
12;0;2,9135593220339;60;14,6118644067797;30;0;11,8;0;0;5,9;0;201,147457627119;0;0;0;0;0;0;0;0;0;0;0;0;0;0;0;0;0;0;80
12;1;2,93166666666667;64;14,1883333333333;23;0;12;0;0;5,99999999999999;0;200,818333333333;0;0;0;0;0;0;0;0;0;0;0;0;0;0;0;0;0;0;97
12;2;3,35833333333333;54;14,3133333333333;13;0;12;0;0;5,99999999999999;0;200,551666666667;0;0;0;0;0;0;0;0;0;0;0;0;0;0;0;0;0;0;78
12;3;3,55573770491803;53;14,0639344262295;11;0;12,2;0;0;6,09999999999999;0;200,204918032787;0;0;0;0;0;0;0;0;0;0;0;0;0;0;0;0;0;0;86
12;4;3,10655737704918;56;14,1049180327869;9;0;12,2;0;0;6,09999999999999;0;199,865573770492;0;0;0;0;0;0;0;0;0;0;0;0;0;0;0;0;0;0;98
12;5;3,93666666666667;47;13,7683333333333;10;3;12;0;0;5,99999999999999;0;199,685;0;0;0;0;0;0;0;0;0;0;0;0;0;0;0;0;0;0;129
12;6;3,18360655737705;52;14,4737704918033;10;60;12,2;0;0;6,09999999999999;0;199,519672131148;0;0;0;0;0;0;0;0;0;0;0;0;0;0;0;0;0;0;122
12;7;1,58852459016393;58;15,6754098360656;11;169;12,2;0;0;6,09999999999999;0;205,632786885246;0;0;0;0;0;0;0;0;0;0;0;0;0;0;0;0;0;0;140
12;8;1,31166666666667;246;17,7166666666667;10;326;12;0;0;5,99999999999999;0;206,046666666667;0;0;0;0;0;0;0;0;0;0;0;0;0;0;0;0;0;0;54
12;9;1,81333333333333;247;17,035;17;410;12;0;0;5,99999999999999;0;206,088333333334;0;0;0;0;0;0;0;0;0;0;0;0;0;0;0;0;0;0;8
12;10;2,27704918032787;244;18,0868852459016;18;625;12,2;0;0;6,09999999999999;0;206;0;0;0;0;0;0;0;0;0;0;0;0;0;0;0;0;0;0;3
12;11;2,63389830508475;231;19,8135593220339;16;791;11,8;0;0;5,9;0;206;0;0;0;0;0;0;0;0;0;0;0;0;0;0;0;0;0;0;6
12;12;2,855;221;20,2833333333333;19;742;12;0;0;5,99999999999999;0;206;0;0;0;0;0;0;0;0;0;0;0;0;0;0;0;0;0;0;18
12;13;3,06166666666667;226;20,4016666666667;21;698;12;0;0;5,99999999999999;0;206;0;0;0;0;0;0;0;0;0;0;0;0;0;0;0;0;0;0;21
12;14;3,37868852459016;224;20,1573770491803;26;675;12,2;0;0;6,09999999999999;0;206;0;0;0;0;0;0;0;0;0;0;0;0;0;0;0;0;0;0;28
12;15;3,31833333333333;224;19,2583333333333;30;485;1,2;10,8;0;0,4;5,5;206;0;0;0;0;0;0;0;0;0;0;0;0;0;0;0;0;0;0;30
12;16;3,17166666666667;218;18,4883333333333;34;418;0;12;0;0;5,99999999999999;205,746666666667;0;0;0;0;0;0;0;0;0;0;0;0;0;0;0;0;0;0;33
12;17;2,96833333333333;224;17,6766666666667;39;282;0;12;0;0;5,99999999999999;205,3;0;0;0;0;0;0;0;0;0;0;0;0;0;0;0;0;0;0;36
12;18;2,43114754098361;222;17,1688524590164;44;160;0;12,2;0;0;6,09999999999999;205,268852459016;0;0;0;0;0;0;0;0;0;0;0;0;0;0;0;0;0;0;26
4;5;3,81803278688525;66;9,5;22;0;12,2;0;1360,3;6,09999999999999;872,299999999999;198,8;0;1;0;0;0;1;0;1;0;0;0;0;0;0;0;0;0;0;31
4;6;3,48524590163934;66;10,1262295081967;18;0;12,2;0;1360,3;6,09999999999999;872,299999999999;198,8;0;1;0;0;0;1;0;1;0;0;0;0;0;0;0;0;0;0;83
4;7;2,42333333333333;67;11,08;14;30;12;0;1338;5,99999999999999;857,999999999999;198,8;0;1;0;0;0;1;1;1;0;0;0;0;0;0;0;0;0;0;87
4;8;2,48032786885246;67;11,9377049180328;14;127;12,2;0;1360,3;6,09999999999999;872,299999999999;198,747540983607;0;1;0;0;0;1;1;1;0;0;0;0;0;0;0;0;0;0;69
4;9;2,38688524590164;70;14,4934426229508;11;407;12,2;0;1360,3;6,09999999999999;872,299999999999;198,74262295082;0;1;0;0;0;1;0;1;0;0;0;0;0;0;0;0;0;0;96
4;10;1,57540983606557;233;18,1213114754098;6;636;12,2;0;1360,3;6,09999999999999;871,699999999999;198,713114754099;0;1;0;0;0;1;1;1;0;0;0;0;0;0;0;0;0;0;6
4;11;2,00491803278688;230;18,6786885245902;7;718;12,2;0;1360,3;6,09999999999999;815,8;198,7;1;1;0;0;0;1;1;1;0;0;0;0;0;0;0;0;0;0;0
4;12;2,22950819672131;238;19,0360655737705;6;672;12,2;0;1360,3;6,09999999999999;790,199999999999;198,7;1;1;0;0;0;1;0;1;0;0;0;0;0;0;0;0;0;0;0
4;13;2,33114754098361;238;19,6065573770492;7;752;12,2;0;1360,3;6,09999999999999;709,8;198,7;1;1;0;1;1;1;0;1;0;0;0;0;0;0;0;0;0;0;3
4;14;2,74918032786885;238;19,5704918032787;9;643;12,2;0;908,9;436,1;410,1;198,7;1;1;1;1;1;1;0;1;1;0;0;0;0;0;0;0;0;0;8
4;15;2,47049180327869;241;19,0934426229508;11;516;6,2;6;24,8;1336,8;113,1;198,7;1;1;1;0;1;1;0;1;1;0;0;0;0;0;0;0;0;0;9
4;16;2,34590163934426;240;17,0885245901639;13;164;0;12,2;24,4;1335,9;7,79999999999999;198,655737704918;1;1;1;0;1;1;0;1;1;0;0;0;0;0;0;0;0;0;21
4;17;1,15573770491803;256;15,4213114754098;16;67;0;12,2;7,2;1352,7;6,09999999999999;198,4;1;1;1;0;0;1;0;1;1;0;0;0;0;0;0;0;0;0;23
4;18;1,5672131147541;156;13,9475409836066;21;9;0;12,2;0;1360,3;6,09999999999999;198,240983606557;1;1;0;0;0;1;0;1;0;0;0;0;0;0;0;0;0;0;23
4;19;2,5;81;13,5803278688525;21;0;0;12,2;0;1360,3;6,09999999999999;197,931147540983;0;1;0;0;0;1;0;1;0;0;0;0;0;0;0;0;0;0;56
4;20;2,17049180327869;78;13,2704918032787;22;0;0;12,2;0;1360,3;6,09999999999999;197,754098360656;0;1;0;1;0;1;0;1;0;0;0;0;0;0;0;0;0;0;81
4;21;2,9344262295082;74;12,7327868852459;23;0;0;12,2;0;1360,3;6,09999999999999;197,626229508197;0;1;0;1;0;1;0;1;0;0;0;0;0;0;0;0;0;0;81
4;22;1,82786885245902;96;12,1868852459016;24;0;0;12,2;0;1360,3;6,09999999999999;197,347540983606;0;1;0;1;0;1;0;1;0;0;0;0;0;0;0;0;0;0;48
4;23;3,19016393442623;64;12,6967213114754;23;0;0;12,2;0;1360,3;6,09999999999999;197,186885245902;0;1;0;1;0;1;0;1;0;0;0;0;0;0;0;0;0;0;47
4;0;3,54098360655738;64;12,4393442622951;24;0;0;12,2;0;1360,3;6,09999999999999;198,626229508197;0;1;0;1;0;1;0;1;0;0;0;0;0;0;0;0;0;0;43
4;1;3,68688524590164;63;12,2114754098361;25;0;0;12,2;0;1360,3;6,09999999999999;198,7;0;1;0;1;1;1;0;1;0;0;0;0;0;0;0;0;0;0;42
4;2;3,56393442622951;63;12,172131147541;25;0;0;12,2;0;1360,3;6,09999999999999;198,7;0;1;0;1;1;1;0;1;0;1;0;0;0;0;0;0;0;0;27
4;3;3,65573770491803;64;12,0131147540984;25;0;0;12,2;0;1360,3;6,09999999999999;198,7;0;1;0;1;1;1;0;1;0;1;0;0;0;0;0;0;0;0;23
4;4;3,75245901639344;63;11,9180327868852;25;0;0;12,2;0;1360,3;6,09999999999999;198,7;0;1;0;1;1;1;0;1;0;1;0;0;0;0;0;0;0;0;26
4;5;4,03770491803279;59;11,5098360655738;26;0;0;12,2;0;1360,3;6,09999999999999;198,7;0;0;0;1;1;1;0;1;0;1;0;0;0;0;0;0;0;0;32
4;6;4,02295081967213;64;11,8967213114754;23;0;0;12,2;0;1360,3;6,09999999999999;198,7;0;0;0;1;1;1;0;1;0;1;0;0;0;0;0;0;0;0;61
4;7;3,64262295081967;66;11,9704918032787;22;8;0;12,2;0;1360,3;6,09999999999999;198,7;0;1;0;1;1;1;0;1;0;1;0;0;0;0;0;0;0;0;100
4;8;4,02295081967213;62;12,1409836065574;22;78;0;12,2;0;1360,3;6,09999999999999;198,7;0;1;0;1;1;1;0;1;0;0;0;0;0;0;0;0;0;0;90
4;9;2,21147540983607;89;15,8524590163935;17;466;0;12,2;0;1360,3;6,09999999999999;198,7;0;1;0;1;1;1;0;0;0;0;0;0;0;0;0;0;0;0;43
4;10;1,69344262295082;254;17,7786885245902;16;645;0;12,2;0;1360,3;6,09999999999999;198,662295081968;0;1;0;1;1;1;0;0;0;1;0;0;0;0;0;0;0;0;0
4;11;2,28360655737705;256;16,9983606557377;20;751;0;12,2;0;1360,3;6,09999999999999;198,634426229508;0;1;0;1;1;1;0;0;0;1;0;0;0;0;0;0;0;0;0
4;12;2,6327868852459;244;18,1327868852459;17;754;0;12,2;0;1360,3;6,09999999999999;198,6;0;1;1;1;1;1;0;0;0;1;0;0;0;0;0;0;0;0;1
4;13;2,69344262295082;250;18,3311475409836;19;754;0;12,2;0;1360,3;6,09999999999999;198,614754098361;0;1;1;1;1;1;1;0;0;1;0;0;0;0;0;0;0;0;11
4;14;2,84426229508197;242;18,283606557377;24;751;0;12,2;0;908,9;436,1;198,631147540984;0;1;1;1;1;1;1;0;0;1;0;0;0;0;0;0;0;0;19
4;15;2,64754098360656;246;18,0377049180328;25;540;0;6;6;24,8;1336,8;198,7;0;1;1;1;1;1;0;0;0;1;0;0;0;0;0;0;0;0;10
4;16;2,04262295081967;260;16,1475409836066;29;237;0;0;12,2;24,4;1335,9;198,637704918033;0;1;0;1;1;1;0;0;0;1;0;0;0;0;0;0;0;0;24
4;17;1,30655737704918;256;14,7196721311475;35;87;0;0;12,2;7,2;1352,7;198,363934426229;0;1;1;1;1;1;0;0;0;1;0;0;0;0;0;0;0;0;27
4;18;1,27213114754098;88;13,8836065573771;33;7;0;0;12,2;0;1360,3;198,101639344262;0;1;1;1;1;1;0;0;0;1;0;0;0;0;0;0;0;0;25
4;19;1,63934426229508;94;13,1704918032787;34;0;0;0;12,2;0;1360,3;197,87868852459;0;1;1;1;0;1;0;0;0;1;0;0;0;0;0;0;0;0;44
4;20;2,21639344262295;71;13,1803278688525;34;0;0;0;12,2;0;1360,3;197,688524590164;0;1;0;1;0;1;1;0;0;0;0;0;0;0;0;0;0;0;61
4;21;1,40327868852459;80;13,2065573770492;33;0;0;0;12,2;0;1360,3;197,481967213115;0;0;0;1;1;1;1;0;0;0;0;0;0;0;0;0;0;0;63
4;22;0,891803278688525;159;13,1655737704918;31;0;0;0;12,2;0;1360,3;197,283606557377;0;1;0;1;1;1;1;0;0;0;0;0;0;0;0;0;0;0;34
4;23;1,17377049180328;174;12,6983606557377;32;0;0;0;12,2;0;1360,3;197,131147540984;0;1;0;1;0;1;1;0;0;0;0;0;0;0;0;0;0;0;26
4;0;2,78032786885246;70;12,4147540983607;34;0;0;0;12,2;0;1360,3;198,624590163935;0;1;0;1;0;1;1;0;0;0;0;0;0;0;0;0;0;0;35
4;1;3,6327868852459;66;13,3754098360656;30;0;0;0;12,2;0;1360,3;198,7;0;0;0;1;0;1;1;0;0;0;0;0;0;0;0;0;0;0;37
4;2;1,84590163934426;122;12,8262295081967;32;0;0;0;12,2;0;1360,3;198,7;0;0;0;1;0;1;1;0;0;0;0;0;0;0;0;0;0;0;18
4;3;1,48360655737705;84;11,4180327868852;36;0;0;0;12,2;0;1360,3;198,7;0;0;1;1;0;1;1;0;0;0;0;0;0;0;0;0;0;0;14
4;4;5,60163934426229;93;11,3852459016393;42;0;0;0;12,2;0;1360,3;199,018032786885;0;1;1;1;0;1;1;0;0;0;0;0;0;0;0;0;0;0;52
4;5;6,0016393442623;64;10,1672131147541;54;0;0;0;12,2;0;1360,3;199,5;0;1;1;1;0;1;1;0;0;0;0;0;0;0;0;0;0;0;85
4;6;8,32622950819672;48;9,25737704918033;59;0;6,1;0;12,2;0;1360,3;199,624590163935;0;1;0;1;0;1;1;0;0;0;0;0;0;0;0;0;0;0;17
4;7;7,96065573770492;81;10,5639344262295;49;28;24,1;0;12,2;0;1360,3;200,181967213115;0;1;0;1;0;1;1;0;1;1;0;0;0;0;0;0;0;0;10
4;8;1,99016393442623;156;9,64918032786885;58;94;24,4;0;12,2;0;1360,3;200,1;0;1;0;1;0;1;1;0;1;1;0;0;0;0;0;0;0;0;21
4;9;1,15409836065574;220;11,9655737704918;51;465;24,4;0;12,2;0;1360,3;200,1;0;1;0;1;1;1;1;1;1;1;0;0;0;0;0;0;0;0;1
4;10;1,86065573770492;227;13,8475409836066;43;615;26;0;12,2;0;1360,3;200,081967213115;0;1;0;1;1;1;1;1;1;1;0;0;0;0;0;0;0;0;0
4;11;2,35081967213115;249;14,9311475409836;42;767;30,5;0;12,2;0;1360,3;200;0;1;0;1;1;1;1;1;1;1;0;0;0;0;0;0;0;0;0
4;12;2,38;264;13,9966666666667;51;834;30;0;12;0;1338;200;0;1;0;1;1;1;1;0;1;1;0;0;0;0;0;0;0;0;0
4;13;2,29016393442623;253;14,3688524590164;52;801;30,5;0;12,2;0;1360,3;200,001639344262;0;1;0;1;1;1;1;0;1;1;0;0;0;0;0;0;0;0;0
4;14;2,22295081967213;264;13,644262295082;60;734;30,5;0;12,2;0;930,3;200;0;1;1;0;1;1;1;0;1;1;0;0;0;0;0;0;0;0;17
4;15;1,9327868852459;261;12,4196721311475;70;416;30,5;0;6,2;5,8;25,6;199,911475409836;0;0;1;0;1;1;1;0;1;1;0;0;0;0;0;0;0;0;21
4;16;1,42131147540984;247;10,4967213114754;78;127;30,5;0;0;12,2;24,4;199,6;0;1;1;0;1;1;1;0;1;1;0;0;0;0;0;0;0;0;35
4;17;0,991803278688525;186;9,14098360655738;84;20;30,5;0;0;12,2;7,6;199,17868852459;0;1;1;0;1;1;1;0;1;1;0;0;0;0;0;0;0;0;35
4;18;1,40655737704918;140;8,48688524590164;86;2;30,5;0;0;12,2;0;198,990163934426;0;1;1;0;1;1;1;0;1;1;0;0;0;0;0;0;0;0;47
4;19;1,61967213114754;67;9,30983606557377;76;0;30,5;0;0;12,2;0;198,931147540983;0;1;1;0;1;1;1;0;1;1;0;0;0;0;0;0;0;0;67
4;20;2,04576271186441;70;9,25593220338983;71;0;29,5;0;0;11,8;0;198,818644067797;0;1;0;0;1;1;1;0;1;1;0;0;0;0;0;0;0;0;60
4;21;2,48;67;8,91666666666666;69;0;30;0;0;12;0;198,743333333334;0;1;0;0;0;1;1;0;1;1;0;0;0;0;0;0;0;0;43
4;22;3,18196721311475;65;8,93442622950819;58;0;30,5;0;0;12,2;0;198,650819672131;0;0;0;0;0;1;1;0;1;1;0;0;0;0;0;0;0;0;26
4;23;1,04426229508197;100;9,28196721311475;49;0;30,5;0;0;12,2;0;198,45737704918;0;0;0;0;0;1;1;0;1;0;0;0;0;0;0;0;0;0;35
4;0;1,01475409836066;76;8,90327868852459;48;0;30,5;0;0;12,2;0;198,398360655737;0;1;0;0;0;1;1;0;1;0;0;0;0;0;0;0;0;0;22
4;1;0,842622950819672;91;8,88360655737705;43;0;30,5;0;0;12,2;0;198,3;0;1;0;0;0;1;1;0;1;0;0;0;0;0;0;0;0;0;12
4;2;1,89016393442623;79;8,65901639344262;44;0;30,5;0;0;12,2;0;198,227868852459;0;1;0;0;0;1;1;0;1;0;0;0;0;0;0;0;0;0;17
4;3;1,62622950819672;88;9,21147540983607;38;0;30,5;0;0;12,2;0;198,2;0;0;0;0;0;1;1;0;1;0;0;0;0;0;0;0;0;0;16
4;4;1,82131147540984;94;9,60163934426229;37;0;30,5;0;0;12,2;0;198,2;0;0;0;0;0;1;1;0;1;0;0;0;0;0;0;0;0;0;8
4;5;1,96885245901639;89;9,59672131147541;37;0;30,5;0;0;12,2;0;198,198360655738;0;0;0;0;0;1;1;0;1;0;0;0;0;0;0;0;0;0;24
4;6;1,80819672131147;89;9,98688524590164;33;0;25,3;5,2;0;12,2;0;198,188524590164;0;0;0;0;0;1;1;0;1;0;0;0;0;0;0;0;0;0;56
4;7;1,52950819672131;126;10,072131147541;32;25;6,69999999999999;23,8;0;12,2;0;198,1;1;0;0;0;0;1;1;0;1;0;0;0;0;0;0;0;0;0;57
4;8;1,3;195;10,9819672131148;29;89;6,09999999999999;24,4;0;12,2;0;198,060655737705;1;0;0;0;0;1;0;0;1;0;0;0;0;0;0;0;0;0;72
4;9;1,37540983606557;123;11,9967213114754;26;196;6,09999999999999;24,4;0;12,2;0;198;1;1;1;0;0;1;0;0;1;0;0;0;0;0;0;0;0;0;23
4;10;1,4983606557377;141;12,4081967213115;28;196;4,8;25,7;0;12,2;0;198;1;1;1;0;0;1;0;0;1;0;0;0;0;0;0;0;0;0;15
4;11;1,84137931034483;163;12,7086206896552;31;269;0;29;0;11,6;0;198;0;1;1;0;0;1;0;0;0;0;0;0;0;0;0;0;0;0;7
4;12;1,55573770491803;218;12,7262295081967;30;225;0;30,5;0;12,2;0;197,965573770492;0;1;0;0;0;1;0;0;0;0;0;0;0;0;0;0;0;0;24
4;13;1,41639344262295;206;12,6327868852459;31;229;0;30,5;0;12,2;0;197,9;0;1;0;1;0;1;0;0;0;0;0;0;0;0;0;0;0;0;15
4;14;2,08524590163934;185;12,4049180327869;35;183;0;30,5;0;12,2;0;197,890163934426;1;0;0;1;0;1;0;0;0;0;0;0;0;0;0;0;0;0;12
4;15;2,04426229508197;219;12,1377049180328;38;149;0;30,5;0;7,4;4,6;197,291803278689;1;0;0;1;0;1;0;0;0;0;0;0;0;0;0;0;0;0;31
4;16;1,06065573770492;229;11,5934426229508;46;107;0;30,5;0;0;12,2;197,208196721312;0;1;0;1;0;1;0;0;0;0;0;0;0;0;0;0;0;0;34
4;17;1,90491803278689;171;11,2229508196721;45;35;0;30,5;0;0;12,2;197,211475409836;0;1;0;1;0;1;0;0;0;0;0;0;0;0;0;0;0;0;22
4;18;6,78196721311476;62;12,1065573770492;35;1;0;30,5;0;0;12,2;196,12131147541;0;0;0;1;0;1;0;0;0;0;0;0;0;0;0;0;0;0;43
4;19;8,97377049180328;51;12,4852459016393;32;0;0;30,5;0;0;12,2;195,703278688525;0;0;0;0;0;1;0;0;0;0;0;0;0;0;0;0;0;0;46
4;20;9,55573770491803;49;12,3901639344262;32;0;0;30,5;0;0;12,2;195,849180327869;1;1;0;0;0;1;0;0;0;0;0;0;0;0;0;0;0;0;61
4;21;9,95245901639344;49;12,2540983606557;32;0;0;30,5;0;0;12,2;195,950819672131;1;1;0;0;0;1;0;0;0;0;0;0;0;0;0;0;0;0;84
4;22;9,08360655737705;47;13,2573770491803;27;0;0;30,5;0;0;12,2;195,749180327869;1;1;0;0;0;1;1;0;0;0;0;0;0;0;0;0;0;0;28
4;23;4,65737704918033;130;13,1327868852459;26;0;0;30,5;0;0;12,2;195,570491803279;0;1;0;0;0;1;1;0;0;0;0;0;0;0;0;0;0;0;27
4;0;1,24098360655738;156;11,5901639344262;32;0;0;30,5;0;0;12,2;198,590163934426;0;1;0;0;0;1;1;0;0;0;0;0;0;0;0;0;0;0;15
4;1;1,82622950819672;141;11,6114754098361;31;0;0;30,5;0;0;12,2;198,703278688525;0;1;0;0;0;1;0;0;0;0;0;0;0;0;0;0;0;0;0
4;2;3,16393442622951;64;11,4;29;0;0;30,5;0;0;12,2;198,7;0;1;0;0;0;1;0;0;0;0;0;0;0;0;0;0;0;0;21
4;3;3,17213114754098;65;11,3868852459016;28;0;0;30,5;0;0;12,2;198,7;0;1;0;0;0;1;0;0;0;0;0;0;0;0;0;0;0;0;21
4;4;3,0327868852459;65;11,4524590163934;28;0;0;30,5;0;0;12,2;198,7;0;1;0;0;0;1;0;0;0;0;0;0;0;0;0;0;0;0;76
4;5;3,31147540983607;59;11,4196721311475;28;0;0;30,5;0;0;12,2;198,7;0;1;0;0;0;1;0;0;0;0;0;0;0;0;0;0;0;0;74
4;6;2,03606557377049;77;11,4868852459016;27;0;0;25,9;4,3;0;12,2;198,7;0;1;0;0;0;1;0;1;0;0;0;0;0;0;0;0;0;0;91
4;7;2,6672131147541;63;11,3147540983607;29;13;0;6,89999999999999;23,5;0;12,2;198,7;0;1;0;0;0;1;1;1;0;0;0;0;0;0;0;0;0;0;126
4;8;2,31333333333333;125;11,5383333333333;30;91;0;5,99999999999999;24;0;12;198,7;0;1;0;0;0;1;1;1;0;0;0;0;0;0;0;0;0;0;110
4;9;1,71;228;12,4;30;189;0;5,99999999999999;24;0;12;198,748333333333;0;1;0;0;0;1;1;1;0;0;0;0;0;0;0;0;0;0;46
4;10;1,32131147540984;199;12,716393442623;33;260;0;5,2;25,2;0;12,2;198,740983606558;0;1;0;0;0;1;1;1;0;0;0;0;0;0;0;0;0;0;20
4;11;1,3327868852459;148;13,2196721311475;32;204;0;0;30,5;0;12,2;198,7;0;1;0;0;0;1;1;0;0;0;0;0;0;0;0;0;0;0;0
4;12;2,21311475409836;185;12,1868852459016;44;219;0;0;30,5;0;12,2;198,7;0;1;0;0;0;1;1;0;0;0;0;0;0;0;0;0;0;0;18
4;13;2,21967213114754;215;10,2901639344262;55;141;0;0;30,5;0;12,2;198,7;0;1;1;0;0;1;1;0;0;1;0;0;0;0;0;0;0;0;17
4;14;2,14426229508197;132;9,95245901639344;60;129;0,5;0;30,5;0;12,2;198,7;1;1;1;1;0;1;1;0;0;1;0;0;0;0;0;0;0;0;20
4;15;2,89508196721311;151;8,48360655737705;71;89;51,1;0;30,5;0;7,8;199,222950819672;1;1;1;1;0;1;1;0;0;1;0;0;0;0;0;0;0;0;34
4;16;3,65901639344262;167;8,87704918032787;72;49;144,1;0;30,5;0;0;200,659016393443;0;1;0;0;0;1;1;0;0;0;0;0;0;0;0;0;0;0;23
4;17;2,75245901639344;143;7,97868852459016;80;12;346,8;0;30,5;0;0;203,931147540984;0;1;0;0;0;1;1;0;0;0;0;0;0;0;0;0;0;0;42
4;18;1,76065573770492;196;8,30327868852459;78;0;413,8;0;30,5;0;0;205;1;1;0;0;0;1;1;0;1;0;0;0;0;0;0;0;0;0;19
4;19;2,47868852459016;148;7,85081967213114;80;0;434,8;0;30,5;0;0;205,045901639344;1;1;0;0;0;1;1;0;1;0;0;0;0;0;0;0;0;0;24
4;20;2,28032786885246;161;8,52295081967213;77;0;457,5;0;30,5;0;0;205,3;1;1;1;0;0;1;0;0;0;0;0;0;0;0;0;0;0;0;13
4;21;2,60983606557377;124;8,85245901639344;78;0;458,7;0;30,5;0;0;205,3;0;0;1;0;0;1;0;0;0;0;0;0;0;0;0;0;0;0;15
4;22;1,97213114754098;85;9,67540983606557;76;0;463,6;0;30,5;0;0;205,311475409836;0;0;1;0;0;1;0;0;0;0;0;0;0;0;0;0;0;0;3
4;23;1,79672131147541;91;10,4950819672131;71;0;463,6;0;30,5;0;0;205,331147540983;0;0;0;0;1;1;1;0;0;0;0;0;0;0;0;0;0;0;0
4;0;1,82950819672131;91;10,4065573770492;72;0;463,6;0;30,5;0;0;205,3;0;0;0;0;1;1;1;1;0;0;0;0;0;0;0;0;0;0;0
4;1;1,58166666666667;68;10,1533333333333;73;0;456;0;30;0;0;205,3;0;0;1;0;1;1;1;1;0;0;0;0;0;0;0;0;0;0;0
4;2;1,81475409836066;70;9,9983606557377;74;0;463,6;0;30,5;0;0;205,3;0;0;1;0;0;1;1;0;0;0;0;0;0;0;0;0;0;0;0
4;3;1,52131147540984;79;9,78196721311476;75;0;463,6;0;30,5;0;0;205,304918032787;0;0;1;0;0;1;1;0;0;0;0;0;0;0;0;0;0;0;74
4;4;1,97704918032787;133;9,55901639344263;76;0;463,6;0;30,5;0;0;205,329508196721;0;0;0;0;0;1;0;0;0;0;0;0;0;0;0;0;0;0;15
4;5;2,31475409836065;144;8,6655737704918;83;0;463,6;0;30,5;0;0;205,31475409836;0;0;0;0;0;1;0;0;0;0;0;0;0;0;0;0;0;0;14
4;6;2,11803278688525;139;8,3;86;0;463,6;0;26,8;3,4;0;205,303278688524;0;0;0;0;0;1;0;0;0;0;0;0;0;0;0;0;0;0;18
4;7;2,015;175;8,55666666666667;84;12;456;0;7,09999999999999;22,8;0;205,3;0;0;0;0;0;1;0;0;0;0;0;0;0;0;0;0;0;0;14
4;8;1,84426229508197;102;8,88032786885246;82;62;463,6;0;6,09999999999999;24,4;0;205,331147540983;0;0;0;0;0;1;0;0;0;0;0;0;0;0;0;0;0;0;17
4;9;2,32459016393442;178;10,1131147540984;74;106;463,6;0;6,09999999999999;24,4;0;205,301639344262;0;0;0;0;0;1;0;0;1;0;0;0;0;0;0;0;0;0;9
4;10;1,92166666666667;197;10,88;71;171;456;0;5,4;24,5;0;205,3;0;0;0;0;0;1;1;0;1;1;0;0;0;0;0;0;0;0;0
4;11;1,72950819672131;244;9,89344262295082;81;182;463,6;0;0;30,5;0;205,3;0;0;0;0;0;1;1;0;1;1;0;0;0;0;0;0;0;0;2
4;12;1,43114754098361;170;8,82622950819672;88;124;463,6;0;0;30,5;0;205,3;0;0;0;0;0;1;1;0;1;1;0;0;0;0;0;0;0;0;18
4;13;1,35081967213115;211;8,43934426229508;89;79;463,6;0;0;30,5;0;205,3;0;0;0;0;0;1;1;0;1;1;0;0;0;0;0;0;0;0;19
4;14;1,25081967213115;147;9,14098360655738;85;101;463,3;0,3;0;30,5;0;205,3;1;1;0;0;0;1;1;1;1;1;0;0;0;0;0;0;0;0;7
4;15;0,949180327868852;169;9,56065573770492;82;87;415,5;48,1;0;30,5;0;205,3;1;1;0;0;0;1;1;1;1;1;0;0;0;0;0;0;0;0;4
4;16;1,03770491803279;195;9,77049180327869;80;71;324,1;139,5;0;30,5;0;205,3;0;1;0;0;0;1;1;0;1;1;0;0;0;0;0;0;0;0;2
4;17;1,18360655737705;142;9,91475409836065;78;39;122,2;341,4;0;30,5;0;205,3;0;0;0;1;0;1;1;0;1;1;0;0;0;0;0;0;0;0;3
4;18;1,17213114754098;233;9,19999999999999;85;0;50,6;413;0;30,5;0;205,3;0;0;0;1;0;1;0;0;0;0;0;0;0;0;0;0;0;0;20
4;19;1,81967213114754;68;9,12459016393443;84;0;29,8;433,8;0;30,5;0;205,306557377049;0;0;0;0;0;1;0;0;0;0;0;0;0;0;0;0;0;0;21
4;20;1,38688524590164;135;9,15081967213115;85;0;6,09999999999999;457,5;0;30,5;0;205,316393442623;0;1;0;0;0;1;0;0;0;0;0;0;0;0;0;0;0;0;32
4;21;1,45409836065574;101;9,26229508196721;83;0;5,1;458,5;0;30,5;0;205,373770491803;0;1;0;1;0;1;0;0;0;0;0;0;0;0;0;0;0;0;20
4;22;0,883606557377049;253;8,84426229508198;88;0;25,1;463,6;0;30,5;0;205,465573770492;0;1;0;1;0;1;0;0;0;0;0;0;0;0;0;0;0;0;18
4;23;1,12459016393443;78;8,43606557377049;89;0;138,8;463,6;0;30,5;0;206,590163934426;0;1;0;1;0;1;0;0;0;0;0;0;0;0;0;0;0;0;15
2;16;4,21967213114754;232;19,6639344262295;28;683;0;0;0;0;2,3;197,72131147541;0;0;0;0;0;0;0;0;0;0;0;0;0;0;0;0;0;0;24
2;17;3,26065573770492;235;18,755737704918;30;461;0;0;0;0;0;197,027868852459;0;0;0;0;0;0;0;0;0;0;0;0;0;0;0;0;0;0;26
2;18;2,74098360655738;230;16,4524590163935;34;77;0;0;0;0;0;196,116393442623;0;0;0;0;0;0;0;0;0;0;0;0;0;0;0;0;0;0;33
2;19;2,07868852459016;230;14,8016393442623;37;10;0;0;0;0;0;195,459016393443;0;0;0;0;0;0;0;0;0;0;0;0;0;0;0;0;0;0;31
2;20;0,754098360655737;239;13,7;41;0;0;0;0;0;0;195,118032786885;0;0;0;0;0;0;0;0;0;0;0;0;0;0;0;0;0;0;37
2;21;1,34262295081967;120;13,2377049180328;43;0;0;0;0;0;0;194,906557377049;0;0;0;0;0;0;0;0;0;0;0;0;0;0;0;0;0;0;36
2;22;1,37540983606557;75;13,0016393442623;43;0;0;0;0;0;0;194,644262295082;0;0;0;0;0;0;0;0;0;0;0;0;0;0;0;0;0;0;55
2;23;1,85737704918033;119;12,7655737704918;44;0;0;0;0;0;0;194,439344262295;0;0;0;0;0;0;0;0;0;0;0;0;0;0;0;0;0;0;58
2;0;2,49344262295082;65;12,9114754098361;41;0;0;0;0;0;0;198,84262295082;0;0;0;0;0;0;0;0;0;0;0;0;0;0;0;0;0;0;65
2;1;2,2;72;12,6737704918033;40;0;0;0;0;0;0;199,1;0;0;0;0;0;0;0;0;0;0;0;0;0;0;0;0;0;0;51
2;2;3,19508196721312;64;12,4213114754098;39;0;0;0;0;0;0;199,1;0;0;0;0;0;0;0;0;0;0;0;0;0;0;0;0;0;0;42
2;3;3,14426229508197;63;12,1393442622951;39;0;0;0;0;0;0;199,1;0;0;0;0;0;0;0;0;0;0;0;0;0;0;0;0;0;0;51
2;4;2,71475409836066;66;11,8049180327869;41;0;0;0;0;0;0;199,1;0;0;0;0;0;0;0;0;0;0;0;0;0;0;0;0;0;0;49
2;5;2,84098360655738;68;11,3967213114754;42;0;0;0;0;0;0;199,1;0;0;0;0;0;0;0;0;0;0;0;0;0;0;0;0;0;0;53
2;6;3,05245901639344;64;11,5131147540984;40;2;0;0;0;0;0;199,1;0;0;0;0;0;0;0;0;0;0;0;0;0;0;0;0;0;0;62
2;7;2,94754098360656;66;11,6081967213115;37;19;0;0;0;0;0;199,1;0;0;0;0;0;0;0;0;0;0;0;0;0;0;0;0;0;0;66
2;8;2,9;64;12,8918032786885;33;294;0;0;0;0;0;199,1;0;0;0;0;0;0;0;0;0;0;0;0;0;0;0;0;0;0;60
2;9;1,50655737704918;199;17,7803278688525;20;660;0;0;0;0;0;199,1;0;0;0;0;0;0;0;0;0;0;0;0;0;0;0;0;0;0;10
2;10;2,36393442622951;223;18,5311475409836;22;861;0;0;0;0;0;199,062295081967;0;0;0;0;0;0;0;0;0;0;0;0;0;0;0;0;0;0;0
2;11;2,80491803278689;230;19,4819672131148;22;992;0;0;0;0;0;199,062295081967;0;0;0;0;0;0;0;0;0;0;0;0;0;0;0;0;0;0;0
2;12;3,18852459016393;241;20,5901639344262;20;1060;0;0;0;0;0;199,001639344262;0;0;0;0;0;0;0;0;0;0;0;0;0;0;0;0;0;0;4
2;13;3,5672131147541;240;21,0147540983607;20;1063;0;0;0;0;0;198,867213114754;0;0;0;0;0;0;0;0;0;0;0;0;0;0;0;0;0;0;16
2;14;3,97166666666667;236;20,8666666666667;19;998;0;0;0;0;0;198,5;0;0;0;0;0;0;0;0;0;0;0;0;0;0;0;0;0;0;20
2;15;3,78360655737705;234;20,9196721311475;20;870;0;0;0;0;0;198,403278688525;0;0;0;0;0;0;0;0;0;0;0;0;0;0;0;0;0;0;20
2;16;4,12131147540984;239;20,016393442623;23;685;0;0;0;0;0;197,890163934426;0;0;0;0;0;0;0;0;0;0;0;0;0;0;0;0;0;0;16
2;17;3,24590163934426;236;19,4180327868852;25;464;0;0;0;0;0;197,193442622951;0;0;0;0;0;0;0;0;0;0;0;0;0;0;0;0;0;0;22
2;18;2,94426229508197;230;16,3672131147541;31;68;0;0;0;0;0;196,272131147541;0;0;0;0;0;0;0;0;0;0;0;0;0;0;0;0;0;0;30
2;19;2,15737704918033;232;14,9262295081967;35;9;0;0;0;0;0;195,64262295082;0;0;0;0;0;0;0;0;0;0;0;0;0;0;0;0;0;0;35
2;20;1,30327868852459;209;13,4885245901639;40;0;0;0;0;0;0;195,260655737705;0;0;0;0;0;0;0;0;0;0;0;0;0;0;0;0;0;0;30
2;21;1,04590163934426;144;12,944262295082;42;0;0;0;0;0;0;195,022950819672;0;0;0;0;0;0;0;0;0;0;0;0;0;0;0;0;0;0;38
2;22;1,34098360655738;124;12,3163934426229;44;0;0;0;0;0;0;194,8;0;0;0;0;0;0;0;0;0;0;0;0;0;0;0;0;0;0;37
2;23;1,62131147540984;143;12,1081967213115;44;0;0;0;0;0;0;194,547540983607;0;0;0;0;0;0;0;0;0;0;0;0;0;0;0;0;0;0;42
2;0;2,10163934426229;68;11,8885245901639;44;0;0;0;0;0;0;198,845901639344;0;0;0;0;0;0;0;0;0;0;0;0;0;0;0;0;0;0;43
2;1;2,74262295081967;62;11,9688524590164;42;0;0;0;0;0;0;199,1;0;0;0;0;0;0;0;0;0;0;0;0;0;0;0;0;0;0;54
2;2;2,79508196721312;86;12,3065573770492;39;0;0;0;0;0;0;199,1;0;0;0;0;0;0;0;0;0;0;0;0;0;0;0;0;0;0;59
2;3;2,10819672131148;108;11,8426229508197;39;0;0;0;0;0;0;199,1;0;0;0;0;0;0;0;0;0;0;0;0;0;0;0;0;0;0;70
2;4;3,17868852459016;61;11,6655737704918;39;0;0;0;0;0;0;199,1;0;0;0;0;0;0;0;0;0;0;0;0;0;0;0;0;0;0;72
2;5;3,00819672131148;63;11,8229508196721;38;0;0;0;0;0;0;199,1;0;0;0;0;0;0;0;0;0;0;0;0;0;0;0;0;0;0;69
2;6;2,88196721311475;64;11,8229508196721;37;18;0;0;0;0;0;199,1;0;0;0;0;0;0;0;0;0;0;0;0;0;0;0;0;0;0;64
2;7;1,23114754098361;146;12,7327868852459;36;101;0;0;0;0;0;199,1;0;0;0;0;0;0;0;0;0;0;0;0;0;0;0;0;0;0;62
2;8;1,02459016393443;190;13,6688524590164;35;162;0;0;0;0;0;199,098360655738;0;0;0;0;0;0;0;0;0;0;0;0;0;0;0;0;0;0;35
2;9;1,4655737704918;233;15,6918032786885;28;470;0;0;0;0;0;199,083606557377;0;0;0;0;0;0;0;0;0;0;0;0;0;0;0;0;0;0;4
2;10;2,60163934426229;228;16,4885245901639;25;568;0;0;0;0;0;199,1;0;0;0;0;0;0;0;0;0;0;0;0;0;0;0;0;0;0;0
2;11;2,79180327868852;236;16,8983606557377;24;675;0;0;0;0;0;199,1;0;0;0;0;0;0;0;0;0;0;0;0;0;0;0;0;0;0;0
2;12;2,77868852459016;236;17,4081967213115;24;652;0;0;0;0;0;199,1;0;0;0;0;0;0;0;0;0;0;0;0;0;0;0;0;0;0;5
2;13;3,18688524590164;232;18,0704918032787;24;930;0;0;0;0;0;199,1;0;0;0;0;0;0;0;0;0;0;0;0;0;0;0;0;0;0;11
2;14;3,52622950819672;233;18,9016393442623;23;933;0;0;0;0;0;199,009836065574;0;0;0;0;0;0;0;0;0;0;0;0;0;0;0;0;0;0;14
2;15;3,65081967213115;237;19,4737704918033;23;947;0;0;0;0;0;198,788524590164;0;0;0;0;0;0;0;0;0;0;0;0;0;0;0;0;0;0;18
2;16;3,62786885245902;233;18,4967213114754;27;659;0;0;0;0;0;198,213114754098;0;0;0;0;0;0;0;0;0;0;0;0;0;0;0;0;0;0;24
2;17;3,37704918032787;235;17,4213114754098;33;412;0;0;0;0;0;197,524590163935;0;0;0;0;0;0;0;0;0;0;0;0;0;0;0;0;0;0;28
2;18;2,88524590163934;235;15,5295081967213;39;83;0;0;0;0;0;196,837704918033;0;0;0;0;0;0;0;0;0;0;0;0;0;0;0;0;0;0;32
2;19;2,57377049180328;232;14,0245901639344;46;20;0;0;0;0;0;196,280327868853;0;0;0;0;0;0;0;0;0;0;0;0;0;0;0;0;0;0;33
2;20;1,25901639344262;204;12,944262295082;50;0;0;0;0;0;0;196,009836065574;0;0;0;0;0;0;0;0;0;0;0;0;0;0;0;0;0;0;37
2;21;0,681967213114754;147;12,5049180327869;52;0;0;0;0;0;0;195,780327868853;0;0;0;0;0;0;0;0;0;0;0;0;0;0;0;0;0;0;38
2;22;1,74754098360656;98;12,3114754098361;52;0;0;0;0;0;0;195,570491803279;0;0;0;0;0;0;0;0;0;0;0;0;0;0;0;0;0;0;43
2;23;2,70819672131148;61;12,944262295082;46;0;0;0;0;0;0;195,429508196721;0;0;0;0;0;0;0;0;0;0;0;0;0;0;0;0;0;0;48
2;0;1,62131147540984;69;12,5;47;0;0;0;0;0;0;198,983606557377;0;0;0;0;0;0;0;0;0;0;0;0;0;0;0;0;0;0;37
2;1;2,23934426229508;60;12,7360655737705;40;0;0;0;0;0;0;199,195081967213;0;0;0;0;0;0;0;0;0;0;0;0;0;0;0;0;0;0;51
2;2;3,88032786885246;61;13,355737704918;35;0;0;0;0;0;0;199,2;0;0;0;0;0;0;0;0;0;0;0;0;0;0;0;0;0;0;67
2;3;3,45409836065574;97;13,4967213114754;30;0;0;0;0;0;0;199,2;0;0;0;0;0;0;0;0;0;0;0;0;0;0;0;0;0;0;115
2;4;1,54098360655738;188;11,3377049180328;47;0;0;0;0;0;0;199,157377049181;0;0;0;0;0;0;0;0;0;0;0;0;0;0;0;0;0;0;74
2;5;3,07704918032787;64;12,0360655737705;31;0;0;0;0;0;0;199,195081967213;0;0;0;0;0;0;0;0;0;0;0;0;0;0;0;0;0;0;54
2;6;1,75081967213115;71;12,2934426229508;27;2;0;0;0;0;0;199,1;0;0;0;0;0;0;0;0;0;0;0;0;0;0;0;0;0;0;74
2;7;2,17868852459016;62;12,1098360655738;28;19;0;0;0;0;0;199,136065573771;0;0;0;0;0;0;0;0;0;0;0;0;0;0;0;0;0;0;59
2;8;1,46065573770492;109;12,9967213114754;30;263;0;0;0;0;0;199,1;0;0;0;0;0;0;0;0;0;0;0;0;0;0;0;0;0;0;79
2;9;1,45901639344262;201;16,8918032786885;30;637;0;0;0;0;0;199,1;0;0;0;0;0;0;0;0;0;0;0;0;0;0;0;0;0;0;37
2;10;2,3655737704918;228;18,044262295082;26;837;0;0;0;0;0;199,1;0;0;0;0;0;0;0;0;0;0;0;0;0;0;0;0;0;0;2
2;11;2,79016393442623;231;19,2737704918033;22;976;0;0;0;0;0;199,1;0;0;0;0;0;0;0;0;0;0;0;0;0;0;0;0;0;0;0
2;12;2,93166666666667;236;20,625;19;1049;0;0;0;0;0;199,1;0;0;0;0;0;0;0;0;0;0;0;0;0;0;0;0;0;0;2
2;13;3,35081967213115;231;21,1770491803279;20;1054;0;0;0;0;0;199,1;0;0;0;0;0;0;0;0;0;0;0;0;0;0;0;0;0;0;19
2;14;4,16229508196721;233;21,1360655737705;21;996;0;0;0;0;0;199,075409836066;0;0;0;0;0;0;0;0;0;0;0;0;0;0;0;0;0;0;27
2;15;4,46885245901639;242;20,8950819672131;23;871;0;0;0;0;0;198,780327868853;0;0;0;0;0;0;0;0;0;0;0;0;0;0;0;0;0;0;28
2;16;4,25409836065574;241;20,1606557377049;26;679;0;0;0;0;0;198,188524590164;0;0;0;0;0;0;0;0;0;0;0;0;0;0;0;0;0;0;27
2;17;3,15737704918033;239;19,7180327868852;28;453;0;0;0;0;0;197,598360655738;0;0;0;0;0;0;0;0;0;0;0;0;0;0;0;0;0;0;26
2;18;2,82622950819672;232;16,9590163934426;34;62;0;0;0;0;0;196,74262295082;0;0;0;0;0;0;0;0;0;0;0;0;0;0;0;0;0;0;31
2;19;2,31475409836066;230;15,5131147540984;38;9;0;0;0;0;0;196,144262295082;0;0;0;0;0;0;0;0;0;0;0;0;0;0;0;0;0;0;34
2;20;0,863934426229508;238;14,5114754098361;43;0;0;0;0;0;0;195,773770491804;0;0;0;0;0;0;0;0;0;0;0;0;0;0;0;0;0;0;29
2;21;1,24918032786885;166;13,7409836065574;47;0;0;0;0;0;0;195,590163934426;0;0;0;0;0;0;0;0;0;0;0;0;0;0;0;0;0;0;33
2;22;2,01311475409836;62;13,7934426229508;44;0;0;0;0;0;0;195,322950819672;0;0;0;0;0;0;0;0;0;0;0;0;0;0;0;0;0;0;41
2;23;2,56065573770492;61;13,8918032786885;42;0;0;0;0;0;0;195,144262295082;0;0;0;0;0;0;0;0;0;0;0;0;0;0;0;0;0;0;49
2;0;3,49344262295082;59;14,3573770491803;39;0;0;0;0;0;0;199,063934426229;0;0;0;0;0;0;0;0;0;0;0;0;0;0;0;0;0;0;44
2;1;3,96885245901639;67;15,083606557377;35;0;0;0;0;0;0;199,3;0;0;0;0;0;0;0;0;0;0;0;0;0;0;0;0;0;0;58
2;2;4,19180327868852;63;14,8967213114754;35;0;0;0;0;0;0;199,3;0;0;0;0;0;0;0;0;0;0;0;0;0;0;0;0;0;0;84
2;3;4,88688524590164;64;15,0836065573771;31;0;0;0;0;0;0;199,3;0;0;0;0;0;0;0;0;0;0;0;0;0;0;0;0;0;0;141
2;4;4,82131147540984;62;15,2459016393443;25;0;0;0;0;0;0;199,283606557377;0;0;0;0;0;0;0;0;0;0;0;0;0;0;0;0;0;0;141
2;5;5,58524590163935;43;15,2934426229508;23;0;0;0;0;0;0;199,203278688525;0;0;0;0;0;0;0;0;0;0;0;0;0;0;0;0;0;0;113
2;6;6,87213114754098;44;15,3377049180328;22;2;0;0;0;0;0;199,2;0;0;0;0;0;0;0;0;0;0;0;0;0;0;0;0;0;0;120
2;8;1,27704918032787;146;14,2475409836066;35;277;0;0;0;0;0;199,191803278689;0;0;0;0;0;0;0;0;0;0;0;0;0;0;0;0;0;0;78
2;9;1,35573770491803;238;18,4196721311475;24;642;0;0;0;0;0;199,116393442623;0;0;0;0;0;0;0;0;0;0;0;0;0;0;0;0;0;0;18
2;10;2,14262295081967;234;20,2540983606557;20;831;0;0;0;0;0;199,1;0;0;0;0;0;0;0;0;0;0;0;0;0;0;0;0;0;0;14
2;11;2,83114754098361;232;21,1786885245902;20;972;0;0;0;0;0;199,1;0;0;0;0;0;0;0;0;0;0;0;0;0;0;0;0;0;0;11
2;12;3,04426229508197;228;21,9672131147541;18;1043;0;0;0;0;0;199,090163934426;0;0;0;0;0;0;0;0;0;0;0;0;0;0;0;0;0;0;23
2;13;3,59180327868853;223;22,055737704918;18;1049;0;0;0;0;0;198,736065573771;0;0;0;0;0;0;0;0;0;0;0;0;0;0;0;0;0;0;15
2;14;3,5655737704918;231;22,455737704918;19;992;0;0;0;0;0;197,9;0;0;0;0;0;0;0;0;0;0;0;0;0;0;0;0;0;0;29
2;15;4,04098360655738;241;22,4344262295082;19;867;0;0;0;0;0;197,4;0;0;0;0;0;0;0;0;0;0;0;0;0;0;0;0;0;0;30
2;16;3,75573770491803;233;22,0983606557377;21;684;0;0;0;0;0;197,26393442623;0;0;0;0;0;0;0;0;0;0;0;0;0;0;0;0;0;0;27
2;17;3,49672131147541;240;21,1573770491803;25;459;0;0;0;0;0;196,593442622951;0;0;0;0;0;0;0;0;0;0;0;0;0;0;0;0;0;0;22
2;18;2,9983606557377;231;18,4114754098361;34;61;0;0;0;0;0;195,524590163934;0;0;0;0;0;0;0;0;0;0;0;0;0;0;0;0;0;0;34
2;19;2,36393442622951;232;17,0213114754098;40;9;0;0;0;0;0;194,837704918033;0;0;0;0;0;0;0;0;0;0;0;0;0;0;0;0;0;0;37
2;20;1,6655737704918;240;15,9950819672131;45;0;0;0;0;0;0;194,470491803278;0;0;0;0;0;0;0;0;0;0;0;0;0;0;0;0;0;0;32
2;21;1,1327868852459;175;15,0770491803279;48;0;0;0;0;0;0;194,275409836066;0;0;0;0;0;0;0;0;0;0;0;0;0;0;0;0;0;0;39
2;22;1,7672131147541;83;14,927868852459;47;0;0;0;0;0;0;194,047540983607;0;0;0;0;0;0;0;0;0;0;0;0;0;0;0;0;0;0;44
2;23;1,43770491803279;121;14,2885245901639;50;0;0;0;0;0;0;193,839344262295;0;0;0;0;0;0;0;0;0;0;0;0;0;0;0;0;0;0;40
2;0;2,11967213114754;67;14,6131147540984;46;1;0;0;0;0;0;199,062295081967;0;0;0;0;0;0;0;0;0;0;0;0;0;0;0;0;0;0;70
2;1;2,19344262295082;66;14,6672131147541;45;0;0;0;0;0;0;199,4;0;0;0;0;0;0;0;0;0;0;0;0;0;0;0;0;0;0;108
2;2;1,84262295081967;71;14,4032786885246;45;0;0;0;0;0;0;199,4;0;0;0;0;0;0;0;0;0;0;0;0;0;0;0;0;0;0;92
2;4;3,13770491803279;60;13,472131147541;45;0;0;0;0;0;0;200,4;0;0;0;0;0;0;0;0;0;0;0;0;0;0;0;0;0;0;35
2;5;3,07213114754098;57;12,9344262295082;47;0;0;0;0;0;0;200,4;0;0;0;0;0;0;0;0;0;0;0;0;0;0;0;0;0;0;40
2;6;4;66;13,2377049180328;44;2;0;0;0;0;0;200,4;0;0;0;0;0;0;0;0;0;0;0;0;0;0;0;0;0;0;48
2;7;3,3327868852459;56;13,0229508196721;43;19;0;0;0;0;0;200,4;0;0;0;0;0;0;0;0;0;0;0;0;0;0;0;0;0;0;98
2;8;2,39333333333333;68;14,145;38;251;0;0;0;0;0;200,32;0;0;0;0;0;0;0;0;0;0;0;0;0;0;0;0;0;0;112
2;9;1,63114754098361;238;17,5885245901639;35;633;0;0;0;0;0;200,31475409836;0;0;0;0;0;0;0;0;0;0;0;0;0;0;0;0;0;0;69
2;10;2,37213114754098;229;18,9213114754098;32;829;0;0;0;0;0;200,3;0;0;0;0;0;0;0;0;0;0;0;0;0;0;0;0;0;0;0
2;11;2,85901639344262;233;19,644262295082;31;977;0;0;0;0;0;200,3;0;0;0;0;0;0;0;0;0;0;0;0;0;0;0;0;0;0;0
2;12;3,11311475409836;237;20,655737704918;27;1077;0;0;0;0;0;200,3;0;0;0;0;0;0;0;0;0;0;0;0;0;0;0;0;0;0;5
2;13;3,3;231;20,0573770491803;28;646;0;0;0;0;0;200,285245901639;0;0;0;0;0;0;0;0;0;0;0;0;0;0;0;0;0;0;17
2;14;3,54262295081967;235;18,8409836065574;32;417;0;0;0;0;0;200,181967213115;0;0;0;0;0;0;0;0;0;0;0;0;0;0;0;0;0;0;33
2;15;3,38524590163935;239;18,5245901639344;35;287;0;0;0;0;0;199,824590163935;0;0;0;0;0;0;0;0;0;0;0;0;0;0;0;0;0;0;21
2;16;3,27049180327869;241;18,444262295082;37;333;0;0;0;0;0;199,380327868852;0;0;0;0;0;0;0;0;0;0;0;0;0;0;0;0;0;0;20
2;17;2,71147540983607;238;18,1819672131148;40;227;0;0;0;0;0;198,82131147541;0;0;0;0;0;0;0;0;0;0;0;0;0;0;0;0;0;0;20
2;18;2,77049180327869;233;16,6655737704918;46;72;0;0;0;0;0;198,539344262295;0;0;0;0;0;0;0;0;0;0;0;0;0;0;0;0;0;0;30
2;19;1,80819672131148;238;15,2622950819672;53;14;0;0;0;0;0;198,232786885246;0;0;0;0;0;0;0;0;0;0;0;0;0;0;0;0;0;0;32
2;20;0,937704918032787;136;14,4754098360656;56;0;0;0;0;0;0;197,995081967213;0;0;0;0;0;0;0;0;0;0;0;0;0;0;0;0;0;0;32
2;21;1,14262295081967;112;14,2704918032787;56;0;0;0;0;0;0;197,9;0;0;0;0;0;0;0;0;0;0;0;0;0;0;0;0;0;0;39
2;22;1,6327868852459;71;13,4573770491803;60;0;0;0;0;0;0;197,809836065574;0;0;0;0;0;0;0;0;0;0;0;0;0;0;0;0;0;0;36
2;23;1,21475409836066;152;12,983606557377;61;0;0;0;0;0;0;197,627868852459;0;0;0;0;0;0;0;0;0;0;0;0;0;0;0;0;0;0;41
2;0;2,06065573770492;67;13,2180327868853;56;0;0;0;0;0;0;199,685245901639;0;0;0;0;0;0;0;0;0;0;0;0;0;0;0;0;0;0;35
2;1;2,65737704918033;63;13,4704918032787;46;0;0;0;0;0;0;199,8;0;0;0;0;0;0;0;0;0;0;0;0;0;0;0;0;0;0;36
2;2;3,33934426229508;61;13,616393442623;38;0;0;0;0;0;0;199,8;0;0;0;0;0;0;0;0;0;0;0;0;0;0;0;0;0;0;34
2;3;2,24918032786885;68;13,7606557377049;28;0;0;0;0;0;0;199,8;0;0;0;0;0;0;0;0;0;0;0;0;0;0;0;0;0;0;33
2;4;1,73114754098361;68;13,4786885245902;33;0;0;0;0;0;0;199,8;0;0;0;0;0;0;0;0;0;0;0;0;0;0;0;0;0;0;38
2;5;2,15409836065574;61;13,2524590163935;35;0;0;0;0;0;0;199,8;0;0;0;0;0;0;0;0;0;0;0;0;0;0;0;0;0;0;31
2;6;2,16885245901639;70;13,1016393442623;33;1;0;0;0;0;0;199,8;0;0;0;0;0;0;0;0;0;0;0;0;0;0;0;0;0;0;39
2;7;3,08196721311475;62;12,6491803278689;36;18;0;0;0;0;0;199,8;0;0;0;0;0;0;0;0;0;0;0;0;0;0;0;0;0;0;45
2;8;2,86065573770492;61;13,4295081967213;45;259;0;0;0;0;0;199,788524590164;0;0;0;0;0;0;0;0;0;0;0;0;0;0;0;0;0;0;53
2;9;1,58032786885246;179;17,4147540983606;39;635;0;0;0;0;0;199,749180327869;0;0;0;0;0;0;0;0;0;0;0;0;0;0;0;0;0;0;15
2;10;2,21475409836066;227;18,5885245901639;35;844;0;0;0;0;0;199,704918032787;0;0;0;0;0;0;0;0;0;0;0;0;0;0;0;0;0;0;0
2;11;3,01967213114754;232;19,6163934426229;35;1011;0;0;0;0;0;199,7;0;0;0;0;0;0;0;0;0;0;0;0;0;0;0;0;0;0;0
2;12;3,24716981132076;231;20,4301886792453;34;1103;0;0;0;0;0;199,7;0;0;0;0;0;0;0;0;0;0;0;0;0;0;0;0;0;0;7
